Player,avg_gi,avg_gpl,avg_acpl,total_game_count,Points,gi_median,gpl_median,Elo,TPR,total_moves,White_games,Black_games,acpl_median,gi_std,gpl_std,acpl_std,avg_gi_raw,avg_gpl_white,avg_gpl_black,avg_gi_white,avg_gi_black,white_result_sum,black_result_sum,total_gpl_sum,gi_var,gi_raw_median,gi_raw_var,gi_raw_std,gpl_var,acpl_var
Francois Godart,165.8,0.48,3.8,1.0,1.0,165.8,0.48,2377.0,2937.0,50.0,1.0,0.0,3.8,0.0,0.0,0.0,0.44,0.48,,165.8,,1.0,0.0,0.48,0.0,0.44,0.0,0.0,0.0,0.0
Evgeny Romanov,164.4,0.04,3.15,1.0,0.5,164.4,0.04,2580.0,2729.0,34.0,1.0,0.0,3.15,0.0,0.0,0.0,0.37,0.04,,164.4,,0.5,0.0,0.04,0.0,0.37,0.0,0.0,0.0,0.0
Ilia Smirin,164.25,0.24,4.65,2.0,2.0,164.25,0.24,2563.0,2914.0,71.0,2.0,0.0,4.65,2.9,0.18,4.41,0.36,0.24,,164.25,,2.0,0.0,0.48,8.41,0.36,0.02,0.16,0.03,19.47
Vignir Vatnar Stefansson,163.1,0.02,2.06,1.0,0.5,163.1,0.02,2541.0,2658.0,31.0,1.0,0.0,2.06,0.0,0.0,0.0,0.3,0.02,,163.1,,0.5,0.0,0.02,0.0,0.3,0.0,0.0,0.0,0.0
Vasyl Ivanchuk,162.1,0.22,3.09,5.0,3.0,160.6,0.03,2632.0,2711.0,239.0,3.0,2.0,2.29,7.96,0.32,2.07,0.24,0.39,-0.02,158.87,166.95,1.5,1.5,1.12,63.31,0.17,0.18,0.43,0.1,4.3
Nikolaos Galopoulos,162.05,0.26,6.74,2.0,1.5,162.05,0.26,2399.0,2803.0,98.0,2.0,0.0,6.74,4.88,0.2,0.73,0.24,0.26,,162.05,,1.5,0.0,0.52,23.8,0.24,0.07,0.27,0.04,0.53
Peter T Roberson,162.0,0.05,4.31,1.0,0.5,162.0,0.05,2425.0,2624.0,36.0,0.0,1.0,4.31,0.0,0.0,0.0,0.24,,0.05,,162.0,0.0,0.5,0.05,0.0,0.24,0.0,0.0,0.0,0.0
Jan Smeets,161.6,0.01,1.1,1.0,0.5,161.6,0.01,2543.0,2582.0,31.0,1.0,0.0,1.1,0.0,0.0,0.0,0.22,0.01,,161.6,,0.5,0.0,0.01,0.0,0.22,0.0,0.0,0.0,0.0
Bernat Serarols Mabras,161.0,0.18,5.89,1.0,1.0,161.0,0.18,2300.0,2630.0,27.0,1.0,0.0,5.89,0.0,0.0,0.0,0.18,0.18,,161.0,,1.0,0.0,0.18,0.0,0.18,0.0,0.0,0.0,0.0
Erigaisi Arjun,160.99,0.33,1.41,7.0,5.5,160.7,0.3,2797.0,2812.0,276.0,3.0,4.0,5.38,2.27,0.35,13.31,0.19,0.56,0.15,159.53,162.07,2.5,3.0,2.29,5.14,0.17,0.02,0.12,0.12,177.21
Maxim Rodshtein,160.6,0.31,7.31,7.0,5.5,159.5,0.22,2613.0,2714.0,290.0,4.0,3.0,7.65,2.75,0.27,5.28,0.16,0.38,0.21,161.12,159.9,3.5,2.0,2.14,7.54,0.1,0.02,0.15,0.07,27.86
Enrique Llobell Cortell,160.5,0.19,6.88,1.0,0.5,160.5,0.19,2370.0,2613.0,17.0,0.0,1.0,6.88,0.0,0.0,0.0,0.16,,0.19,,160.5,0.0,0.5,0.19,0.0,0.16,0.0,0.0,0.0,0.0
Ahmad Ahmadzada,160.46,0.29,4.34,7.0,5.0,160.8,0.2,2523.0,2594.0,382.0,4.0,3.0,5.04,2.35,0.35,2.84,0.15,0.23,0.38,161.5,159.07,3.0,2.0,2.04,5.53,0.17,0.02,0.13,0.13,8.05
Felix-Antonio Ilinca,160.4,0.21,5.36,7.0,6.5,159.1,0.12,2419.0,2828.0,232.0,3.0,4.0,3.45,3.01,0.27,4.9,0.15,0.22,0.2,160.1,160.62,2.5,4.0,1.47,9.08,0.08,0.03,0.16,0.07,24.05
Eric Sos Andreu,160.3,0.06,4.36,1.0,0.5,160.3,0.06,2364.0,2519.0,14.0,1.0,0.0,4.36,0.0,0.0,0.0,0.15,0.06,,160.3,,0.5,0.0,0.06,0.0,0.15,0.0,0.0,0.0,0.0
Nadav Zemach,160.3,0.06,3.48,1.0,0.5,160.3,0.06,2398.0,2522.0,29.0,0.0,1.0,3.48,0.0,0.0,0.0,0.15,,0.06,,160.3,0.0,0.5,0.06,0.0,0.15,0.0,0.0,0.0,0.0
Bjorn Thorfinnsson,160.2,0.2,5.79,1.0,0.5,160.2,0.2,2356.0,2601.0,43.0,1.0,0.0,5.79,0.0,0.0,0.0,0.14,0.2,,160.2,,0.5,0.0,0.2,0.0,0.14,0.0,0.0,0.0,0.0
Bjornar Byklum,160.2,0.14,5.56,1.0,0.5,160.2,0.14,2330.0,2553.0,39.0,0.0,1.0,5.56,0.0,0.0,0.0,0.14,,0.14,,160.2,0.0,0.5,0.14,0.0,0.14,0.0,0.0,0.0,0.0
Christos Tsarsitalidis,159.8,0.69,23.84,1.0,1.0,159.8,0.69,2104.0,2741.0,62.0,0.0,1.0,23.84,0.0,0.0,0.0,0.12,,0.69,,159.8,0.0,1.0,0.69,0.0,0.12,0.0,0.0,0.0,0.0
Javokhir Sindarov,159.39,0.28,6.09,7.0,6.0,158.9,0.08,2668.0,2737.0,280.0,3.0,4.0,4.88,3.3,0.36,3.98,0.1,0.57,0.06,157.6,160.72,2.5,3.5,1.93,10.88,0.07,0.03,0.18,0.13,15.85
Madis Nahkur,159.3,0.3,10.58,1.0,1.0,159.3,0.3,2003.0,2536.0,38.0,1.0,0.0,10.58,0.0,0.0,0.0,0.09,0.3,,159.3,,1.0,0.0,0.3,0.0,0.09,0.0,0.0,0.0,0.0
Ilay Zakin,159.2,0.04,3.83,1.0,1.0,159.2,0.04,2240.0,2466.0,41.0,1.0,0.0,3.83,0.0,0.0,0.0,0.09,0.04,,159.2,,1.0,0.0,0.04,0.0,0.09,0.0,0.0,0.0,0.0
Nihal Sarin,159.08,0.36,7.38,6.0,4.5,159.95,0.29,2668.0,2761.0,287.0,3.0,3.0,5.08,5.67,0.29,5.67,0.08,0.46,0.27,158.77,159.4,2.5,2.0,2.18,32.18,0.13,0.09,0.31,0.08,32.11
Jergus Pechac,159.02,0.45,9.79,5.0,3.5,161.0,0.51,2582.0,2766.0,246.0,2.0,3.0,12.89,6.5,0.41,7.76,0.08,0.63,0.33,160.1,158.3,2.0,1.5,2.25,42.24,0.18,0.12,0.35,0.17,60.28
Shakhriyar Mamedyarov,158.95,0.49,9.01,6.0,5.0,159.5,0.42,2733.0,2798.0,244.0,4.0,2.0,8.57,3.53,0.55,7.11,0.08,0.44,0.59,159.98,156.9,3.5,1.5,2.93,12.45,0.1,0.04,0.19,0.3,50.49
Emre Can,158.87,0.39,34.67,6.0,5.0,158.65,0.45,2551.0,2707.0,254.0,2.0,4.0,9.93,1.15,0.21,61.37,0.07,0.32,0.42,159.7,158.45,2.0,3.0,2.33,1.32,0.06,0.0,0.06,0.04,3766.4
Ori Kobo,158.81,0.47,8.42,7.0,5.5,158.5,0.44,2525.0,2681.0,382.0,4.0,3.0,6.6,1.27,0.29,5.57,0.07,0.58,0.31,158.18,159.67,3.0,2.5,3.26,1.61,0.05,0.0,0.07,0.08,31.08
Mateusz Bartel,158.4,0.32,8.34,2.0,2.0,158.4,0.32,2608.0,2537.0,79.0,1.0,1.0,8.34,0.14,0.23,2.81,0.04,0.48,0.15,158.3,158.5,1.0,1.0,0.63,0.02,0.04,0.0,0.01,0.05,7.92
Ediz Gurel,158.37,0.45,40.62,7.0,5.5,158.1,0.44,2625.0,2622.0,330.0,4.0,3.0,5.53,3.47,0.38,92.07,0.04,0.64,0.21,157.57,159.43,3.0,2.5,3.17,12.03,0.03,0.03,0.19,0.14,8477.74
Tom Piceu,158.3,0.04,1.53,1.0,0.5,158.3,0.04,2328.0,2268.0,49.0,1.0,0.0,1.53,0.0,0.0,0.0,0.04,0.04,,158.3,,0.5,0.0,0.04,0.0,0.04,0.0,0.0,0.0,0.0
Isik Can,158.25,0.32,7.82,4.0,3.0,158.0,0.34,2507.0,2492.0,199.0,2.0,2.0,7.65,2.47,0.22,5.52,0.04,0.48,0.15,156.75,159.75,1.5,1.5,1.26,6.08,0.02,0.02,0.13,0.05,30.48
Pentala Harikrishna,158.22,0.35,6.6,6.0,3.5,159.95,0.24,2688.0,2660.0,316.0,2.0,4.0,6.46,8.89,0.36,2.96,0.04,0.3,0.37,159.0,157.82,1.0,2.5,2.08,79.07,0.13,0.23,0.48,0.13,8.74
Ivan Sokolov,158.2,0.07,11.78,1.0,1.0,158.2,0.07,2589.0,2306.0,23.0,0.0,1.0,11.78,0.0,0.0,0.0,0.04,,0.07,,158.2,0.0,1.0,0.07,0.0,0.04,0.0,0.0,0.0,0.0
Filip Pancevski,157.9,0.07,8.1,1.0,1.0,157.9,0.07,2410.0,2199.0,21.0,1.0,0.0,8.1,0.0,0.0,0.0,0.02,0.07,,157.9,,1.0,0.0,0.07,0.0,0.02,0.0,0.0,0.0,0.0
Martin Hoerstmann,157.9,0.35,10.67,1.0,0.5,157.9,0.35,2238.0,2345.0,27.0,0.0,1.0,10.67,0.0,0.0,0.0,0.02,,0.35,,157.9,0.0,0.5,0.35,0.0,0.02,0.0,0.0,0.0,0.0
Liviu-Dieter Nisipeanu,157.89,0.38,6.32,7.0,4.5,158.5,0.29,2584.0,2545.0,302.0,4.0,3.0,5.22,4.8,0.43,3.63,0.01,0.48,0.25,156.93,159.17,2.5,2.0,2.64,23.06,0.05,0.07,0.26,0.18,13.19
Matej Sebenik,157.65,0.43,15.15,2.0,2.0,157.65,0.43,2525.0,2256.0,65.0,1.0,1.0,15.15,0.07,0.65,6.34,0.0,0.89,-0.03,157.6,157.7,1.0,1.0,0.86,0.01,0.0,0.0,0.01,0.42,40.14
Chithambaram VR. Aravindh,157.47,0.5,10.44,6.0,4.5,159.55,0.32,2698.0,2776.0,209.0,3.0,3.0,7.7,10.65,0.53,7.95,-0.01,0.52,0.49,159.13,155.8,2.0,2.5,3.01,113.32,0.11,0.33,0.58,0.28,63.14
Maxime Lagarde,157.41,0.48,6.62,7.0,5.5,158.8,0.42,2595.0,2654.0,295.0,4.0,3.0,6.43,6.17,0.49,4.68,-0.01,0.28,0.75,159.32,154.87,3.0,2.5,3.37,38.09,0.07,0.11,0.33,0.24,21.88
Arseniy Nesterov,157.0,0.31,34.27,7.0,4.0,159.6,0.28,2601.0,2566.0,303.0,4.0,3.0,5.8,9.0,0.2,70.64,-0.03,0.32,0.28,160.55,152.27,3.0,1.0,2.14,81.03,0.11,0.24,0.49,0.04,4989.35
Ivan Saric,156.78,0.36,10.87,6.0,4.0,159.2,0.32,2673.0,2593.0,230.0,3.0,3.0,8.96,6.71,0.19,9.24,-0.04,0.5,0.22,154.67,158.9,2.0,2.0,2.18,44.96,0.09,0.13,0.36,0.04,85.35
Jung Min Seo,156.67,0.42,5.62,3.0,1.5,156.2,0.55,2499.0,2604.0,134.0,1.0,2.0,4.48,3.52,0.32,2.27,-0.05,0.05,0.6,160.4,154.8,0.5,1.0,1.25,12.41,-0.07,0.03,0.19,0.1,5.14
Nikita Petrov,156.6,0.19,60.81,4.0,2.0,161.75,0.12,2589.0,2548.0,147.0,3.0,1.0,7.32,11.26,0.23,111.6,-0.05,0.22,0.12,155.27,160.6,1.0,1.0,0.77,126.73,0.22,0.37,0.61,0.05,12454.23
Lucas Van Foreest,156.02,0.18,6.78,4.0,1.5,159.55,0.06,2522.0,2462.0,130.0,3.0,1.0,3.72,9.21,0.29,7.45,-0.08,0.23,0.05,154.67,160.1,1.0,0.5,0.73,84.78,0.11,0.25,0.5,0.08,55.58
Jan Subelj,156.0,0.45,7.23,3.0,1.5,158.8,0.25,2513.0,2615.0,84.0,2.0,1.0,8.0,7.5,0.4,2.06,-0.09,0.55,0.25,154.6,158.8,1.0,0.5,1.34,56.29,0.07,0.17,0.41,0.16,4.23
Lev Yankelevich,155.8,0.56,16.52,1.0,0.5,155.8,0.56,2427.0,2613.0,40.0,1.0,0.0,16.52,0.0,0.0,0.0,-0.1,0.56,,155.8,,0.5,0.0,0.56,0.0,-0.1,0.0,0.0,0.0,0.0
Gergely Antal,155.64,0.33,68.11,5.0,2.5,157.8,0.51,2545.0,2401.0,328.0,2.0,3.0,17.91,6.83,0.31,95.16,-0.11,0.24,0.38,158.75,153.57,1.5,1.0,1.63,46.64,0.01,0.13,0.37,0.09,9055.17
Constantin Lupulescu,155.5,1.06,221.39,1.0,1.0,155.5,1.06,2583.0,2403.0,51.0,1.0,0.0,221.39,0.0,0.0,0.0,-0.11,1.06,,155.5,,1.0,0.0,1.06,0.0,-0.11,0.0,0.0,0.0,0.0
Xiangzhi Bu,155.33,0.53,10.16,7.0,4.0,159.5,0.58,2690.0,2621.0,269.0,4.0,3.0,8.74,7.84,0.36,5.04,-0.12,0.62,0.4,155.72,154.8,2.5,1.5,3.7,61.42,0.1,0.18,0.42,0.13,25.4
Boris Gelfand,155.3,0.45,6.56,5.0,3.0,157.8,0.47,2658.0,2635.0,194.0,2.0,3.0,5.6,7.9,0.42,3.72,-0.12,0.41,0.48,156.2,154.7,1.5,1.5,2.25,62.43,0.01,0.18,0.43,0.18,13.86
Andrei Volokitin,155.21,0.6,26.68,7.0,5.0,159.1,0.31,2648.0,2734.0,330.0,4.0,3.0,6.85,9.91,0.5,55.78,-0.13,0.38,0.88,156.07,154.07,2.5,2.5,4.17,98.17,0.08,0.29,0.54,0.25,3111.66
Nodirbek Abdusattorov,155.17,0.7,63.51,6.0,4.5,156.65,0.7,2783.0,2813.0,350.0,3.0,3.0,24.56,10.34,0.39,80.32,-0.13,1.02,0.38,148.3,162.03,2.0,2.5,4.21,106.9,-0.06,0.31,0.56,0.15,6451.04
Yangyi Yu,154.96,0.57,6.8,7.0,5.5,159.3,0.41,2717.0,2794.0,345.0,3.0,4.0,4.14,17.2,0.87,6.25,-0.14,0.04,0.96,164.47,147.82,2.5,3.0,3.96,295.75,0.1,0.86,0.93,0.75,39.03
Martin Jablonicky,154.57,0.43,9.74,3.0,1.0,157.3,0.41,2424.0,2478.0,120.0,0.0,3.0,7.88,5.62,0.07,6.7,-0.16,,0.43,,154.57,0.0,1.0,1.3,31.61,-0.02,0.09,0.3,0.0,44.84
M. Amin Tabatabaei,154.34,0.63,58.2,7.0,5.0,158.9,0.37,2702.0,2723.0,279.0,4.0,3.0,7.8,15.12,0.71,132.91,-0.17,0.66,0.59,154.88,153.63,3.5,1.5,4.38,228.55,0.07,0.66,0.81,0.5,17665.34
David Navara,154.33,0.46,20.28,6.0,3.5,161.05,0.13,2683.0,2597.0,282.0,4.0,2.0,4.26,16.94,0.6,35.96,-0.17,0.64,0.11,150.45,162.1,2.0,1.5,2.76,286.89,0.19,0.83,0.91,0.36,1293.48
Sanan Sjugirov,154.28,0.64,6.55,6.0,4.5,160.95,0.44,2637.0,2790.0,406.0,3.0,3.0,6.62,16.91,0.79,2.97,-0.18,0.96,0.32,147.53,161.03,2.0,2.5,3.84,285.82,0.18,0.83,0.91,0.63,8.8
Felix Hampel,154.1,0.62,7.0,1.0,0.5,154.1,0.62,2344.0,2584.0,50.0,1.0,0.0,7.0,0.0,0.0,0.0,-0.19,0.62,,154.1,,0.5,0.0,0.62,0.0,-0.19,0.0,0.0,0.0,0.0
Thai Dai Van Nguyen,153.98,0.39,7.01,5.0,4.0,163.0,0.09,2663.0,2738.0,320.0,3.0,2.0,7.4,20.39,0.72,4.84,-0.2,0.59,0.1,148.3,162.5,2.0,2.0,1.97,415.61,0.29,1.21,1.1,0.53,23.45
Gergely Aczel,153.9,0.37,33.88,4.0,3.0,157.9,0.34,2460.0,2418.0,156.0,2.0,2.0,8.7,8.07,0.39,190.88,-0.2,0.42,0.32,157.95,149.85,2.0,1.0,1.48,65.07,0.02,0.19,0.44,0.15,36436.6
Ruben Domingo Nunez,153.35,0.3,12.57,2.0,1.0,153.35,0.3,2390.0,2586.0,69.0,1.0,1.0,12.57,13.79,0.36,12.97,-0.22,0.04,0.55,163.1,143.6,1.0,0.0,0.59,190.12,-0.22,0.55,0.74,0.13,168.18
Bogdan-Daniel Deac,153.33,0.5,-5.14,7.0,5.0,160.7,0.31,2691.0,2690.0,394.0,4.0,3.0,4.29,18.85,0.65,26.75,-0.23,0.38,0.65,159.65,144.9,3.5,1.5,3.5,355.27,0.17,1.03,1.02,0.42,715.39
Jochen Bruch,153.3,0.63,7.22,1.0,0.5,153.3,0.63,2180.0,2476.0,59.0,1.0,0.0,7.22,0.0,0.0,0.0,-0.23,0.63,,153.3,,0.5,0.0,0.63,0.0,-0.23,0.0,0.0,0.0,0.0
Marko Krivokapic,153.17,0.64,7.48,3.0,2.0,158.7,0.46,2367.0,2643.0,140.0,1.0,2.0,7.61,9.76,0.39,2.06,-0.24,0.46,0.73,158.7,150.4,1.0,1.0,1.91,95.21,0.06,0.27,0.52,0.15,4.24
David L Haydon,153.15,0.64,5.16,2.0,1.0,153.15,0.64,2283.0,2511.0,118.0,2.0,0.0,5.16,0.64,0.04,0.14,-0.24,0.64,,153.15,,1.0,0.0,1.29,0.4,-0.24,0.0,0.04,0.0,0.02
Teimour Radjabov,152.92,0.62,8.06,5.0,3.0,158.9,0.41,2700.0,2666.0,187.0,2.0,3.0,5.98,16.46,0.58,6.93,-0.25,1.16,0.25,141.3,160.67,1.5,1.5,3.09,270.87,0.07,0.78,0.89,0.33,48.08
Alon Greenfeld,152.7,0.79,12.06,7.0,5.5,156.8,0.84,2449.0,2668.0,282.0,3.0,4.0,9.82,10.02,0.51,6.56,-0.26,0.71,0.85,152.9,152.55,2.0,3.5,5.52,100.31,-0.04,0.29,0.54,0.26,42.98
Pavel Eljanov,152.67,0.55,9.82,7.0,5.0,163.2,0.1,2672.0,2750.0,277.0,3.0,4.0,8.24,18.43,0.77,6.9,-0.27,0.13,0.86,158.97,147.95,1.5,3.5,3.84,339.48,0.3,0.99,0.99,0.59,47.66
Valery Atlas,152.1,0.45,15.25,3.0,1.0,153.5,0.57,2394.0,2466.0,115.0,3.0,0.0,15.44,10.37,0.26,9.68,-0.3,0.45,,152.1,,1.0,0.0,1.36,107.56,-0.22,0.31,0.56,0.07,93.63
Nitzan Steinberg,152.07,0.67,9.77,7.0,5.0,158.5,0.62,2554.0,2666.0,353.0,3.0,4.0,6.93,13.31,0.58,6.94,-0.3,0.6,0.73,155.3,149.65,2.5,2.5,4.72,177.09,0.05,0.52,0.72,0.33,48.14
Nils Grandelius,152.02,0.53,9.42,4.0,3.0,158.9,0.33,2650.0,2582.0,139.0,2.0,2.0,8.98,14.7,0.53,2.88,-0.3,0.2,0.86,159.6,144.45,1.5,1.5,2.12,216.04,0.07,0.62,0.79,0.28,8.32
Nodirbek Yakubboev,151.52,0.88,11.2,6.0,5.0,153.65,0.86,2654.0,2860.0,285.0,4.0,2.0,5.96,15.2,0.8,11.59,-0.32,1.26,0.12,146.98,160.6,4.0,1.0,5.31,230.95,-0.21,0.67,0.82,0.64,134.43
Santosh Gujrathi Vidit,151.33,0.7,6.25,6.0,4.0,162.95,0.1,2726.0,2799.0,295.0,2.0,4.0,3.74,23.07,1.01,5.25,-0.34,0.03,1.03,164.2,144.9,1.0,3.0,4.19,532.25,0.29,1.55,1.25,1.02,27.57
Tobias Voege,151.3,0.69,8.38,1.0,0.5,151.3,0.69,2292.0,2409.0,60.0,1.0,0.0,8.38,0.0,0.0,0.0,-0.34,0.69,,151.3,,0.5,0.0,0.69,0.0,-0.34,0.0,0.0,0.0,0.0
Marnix Hofman,151.2,0.48,4.92,2.0,1.0,151.2,0.48,2178.0,2388.0,97.0,1.0,1.0,4.92,12.87,0.64,4.69,-0.34,0.03,0.94,160.3,142.1,0.5,0.5,0.97,165.62,-0.34,0.48,0.69,0.41,21.98
Benjamin Gledura,151.1,0.71,45.77,7.0,5.5,158.8,0.91,2639.0,2718.0,287.0,4.0,3.0,13.0,15.01,0.54,92.24,-0.35,0.69,0.73,151.6,150.43,3.5,2.0,4.95,225.36,0.06,0.66,0.81,0.29,8507.83
Victor Mikhalevski,150.93,0.68,13.41,7.0,4.0,152.7,0.65,2480.0,2562.0,350.0,4.0,3.0,11.31,8.8,0.19,5.73,-0.36,0.59,0.81,156.07,144.07,3.0,1.0,4.77,77.43,-0.26,0.22,0.47,0.04,32.81
David Anton Guijarro,150.68,0.57,10.38,6.0,4.0,159.85,0.08,2667.0,2655.0,261.0,2.0,4.0,5.86,26.27,0.89,10.61,-0.37,1.12,0.3,129.35,161.35,1.0,3.0,3.44,690.05,0.12,2.01,1.42,0.79,112.65
Jonas Buhl Bjerre,150.68,0.71,10.93,6.0,4.0,153.25,0.68,2650.0,2637.0,317.0,3.0,3.0,9.12,13.45,0.62,8.63,-0.37,0.64,0.78,154.17,147.2,2.5,1.5,4.27,180.89,-0.23,0.52,0.72,0.38,74.42
Parham Maghsoodloo,150.09,0.94,67.73,7.0,5.0,158.1,0.89,2719.0,2751.0,303.0,3.0,4.0,15.9,16.26,0.54,144.93,-0.4,0.63,1.18,159.8,142.8,2.5,2.5,6.6,264.52,0.03,0.77,0.88,0.29,21004.83
Luka Draskovic,150.02,0.69,12.08,4.0,2.0,148.3,0.6,2503.0,2499.0,178.0,1.0,3.0,11.86,8.64,0.53,6.33,-0.41,1.42,0.45,143.2,152.3,1.0,1.0,2.76,74.71,-0.5,0.22,0.47,0.28,40.02
Evgeny Postny,149.96,0.83,9.79,7.0,5.0,151.9,0.77,2570.0,2542.0,359.0,4.0,3.0,10.52,14.51,0.5,4.65,-0.41,0.7,1.01,157.2,140.3,3.5,1.5,5.82,210.48,-0.3,0.61,0.78,0.25,21.65
Narayanan_S L,149.95,0.71,45.7,6.0,4.0,158.55,0.45,2640.0,2636.0,257.0,4.0,2.0,11.52,25.71,0.82,87.16,-0.41,0.95,0.22,145.05,159.75,3.0,1.0,4.25,661.1,0.05,1.92,1.39,0.67,7596.28
Daniel Dardha,149.9,0.64,28.27,7.0,4.5,158.5,0.31,2604.0,2559.0,361.0,3.0,4.0,7.95,16.01,0.69,47.08,-0.41,0.26,0.92,158.47,143.48,2.0,2.5,4.46,256.43,0.05,0.74,0.86,0.48,2216.41
Spartak Grigorian,149.8,0.45,12.44,3.0,1.5,144.6,0.49,2433.0,2459.0,116.0,2.0,1.0,14.64,10.24,0.49,9.82,-0.42,0.43,0.49,152.4,144.6,1.5,0.0,1.34,104.92,-0.7,0.31,0.55,0.24,96.37
Edvin Trost,149.73,0.72,11.15,3.0,2.0,159.3,0.72,2433.0,2644.0,147.0,1.0,2.0,12.64,18.78,0.67,6.5,-0.42,1.39,0.38,128.1,160.55,0.5,1.5,2.16,352.56,0.09,1.03,1.01,0.45,42.31
Inigo Lopez Mulet,149.6,0.5,14.72,2.0,0.5,149.6,0.5,2410.0,2390.0,85.0,1.0,1.0,14.72,12.45,0.25,12.01,-0.42,0.68,0.33,140.8,158.4,0.0,0.5,1.01,154.88,-0.42,0.45,0.67,0.06,144.33
Denis Kadric,149.52,0.62,9.43,4.0,2.0,151.5,0.7,2558.0,2586.0,146.0,1.0,3.0,10.67,15.51,0.43,4.95,-0.43,1.02,0.49,140.8,152.43,0.5,1.5,2.48,240.66,-0.32,0.7,0.84,0.18,24.49
Alexander Huzman,149.49,0.52,10.47,7.0,4.5,158.3,0.09,2536.0,2403.0,280.0,3.0,4.0,6.64,16.75,0.68,10.96,-0.44,0.63,0.43,149.4,149.55,2.5,2.0,3.62,280.46,0.04,0.82,0.91,0.46,120.05
Leon Luke Mendonca,149.19,0.68,22.49,7.0,4.5,158.2,0.6,2622.0,2632.0,265.0,4.0,3.0,9.68,18.65,0.8,31.58,-0.45,0.87,0.44,145.45,154.17,3.0,1.5,4.79,347.81,0.04,1.01,1.0,0.64,997.02
Jari Reuker,149.07,0.69,9.3,4.0,2.0,156.7,0.6,2401.0,2436.0,256.0,1.0,3.0,9.54,18.26,0.65,7.53,-0.46,0.0,0.92,161.0,145.1,0.0,2.0,2.75,333.45,-0.05,0.97,0.98,0.42,56.77
Robert Markus,149.05,1.0,11.47,4.0,4.0,156.1,0.91,2581.0,2668.0,213.0,2.0,2.0,11.61,17.08,0.7,3.5,-0.46,1.08,0.91,142.0,156.1,2.0,2.0,3.99,291.69,-0.08,0.84,0.92,0.5,12.24
Alexander Nord,149.05,0.74,13.42,2.0,1.0,149.05,0.74,2207.0,2458.0,84.0,2.0,0.0,13.42,12.37,0.31,5.46,-0.46,0.74,,149.05,,1.0,0.0,1.48,153.12,-0.46,0.44,0.66,0.1,29.8
Maksim Chigaev,148.67,0.57,52.72,7.0,2.5,157.9,0.39,2624.0,2440.0,355.0,3.0,4.0,10.1,14.09,0.51,111.54,-0.48,0.52,0.6,146.93,149.98,0.5,2.0,3.96,198.55,0.02,0.58,0.76,0.26,12441.03
Ariel Erenberg,148.66,0.75,14.66,5.0,3.5,145.4,0.53,2504.0,2594.0,242.0,2.0,3.0,15.76,11.02,0.52,12.54,-0.48,0.32,1.03,160.3,140.9,2.0,1.5,3.73,121.47,-0.66,0.35,0.59,0.27,157.18
Daniel Howard Fernandez,148.6,0.36,21.12,1.0,0.0,148.6,0.36,2516.0,2481.0,24.0,0.0,1.0,21.12,0.0,0.0,0.0,-0.48,,0.36,,148.6,0.0,0.0,0.36,0.0,-0.48,0.0,0.0,0.0,0.0
Endrit Uruci,148.5,0.41,25.83,1.0,0.0,148.5,0.41,2343.0,2542.0,30.0,0.0,1.0,25.83,0.0,0.0,0.0,-0.49,,0.41,,148.5,0.0,0.0,0.41,0.0,-0.49,0.0,0.0,0.0,0.0
Nderim Saraci,148.4,0.88,10.24,1.0,0.5,148.4,0.88,2440.0,2690.0,25.0,1.0,0.0,10.24,0.0,0.0,0.0,-0.5,0.88,,148.4,,0.5,0.0,0.88,0.0,-0.5,0.0,0.0,0.0,0.0
Praggnanandhaa R,148.3,0.68,29.78,7.0,4.0,146.6,0.46,2746.0,2601.0,317.0,3.0,4.0,11.92,15.39,0.58,47.99,-0.5,0.68,0.68,153.33,144.52,2.5,1.5,4.78,236.97,-0.59,0.69,0.83,0.34,2303.35
Aljoscha Feuerstack,148.27,0.71,9.57,3.0,1.5,143.6,0.97,2466.0,2544.0,138.0,2.0,1.0,11.38,10.88,0.5,3.59,-0.5,0.58,0.97,150.6,143.6,1.0,0.5,2.13,118.34,-0.75,0.34,0.59,0.25,12.88
Antonios Pavlidis,148.25,0.54,14.86,2.0,0.5,148.25,0.54,2569.0,2492.0,74.0,0.0,2.0,14.86,20.29,0.71,15.05,-0.5,,0.54,,148.25,0.0,0.5,1.08,411.84,-0.5,1.2,1.1,0.5,226.63
Rokas Klabis,148.08,0.67,10.25,5.0,3.5,159.1,0.58,2399.0,2624.0,229.0,3.0,2.0,11.07,16.24,0.74,5.76,-0.51,0.87,0.38,147.6,148.8,2.5,1.0,3.37,263.74,0.08,0.77,0.88,0.54,33.23
Tomas Laurusas,147.92,0.86,81.66,5.0,3.0,151.2,1.1,2573.0,2619.0,251.0,3.0,2.0,26.18,13.44,0.53,99.74,-0.52,0.72,1.08,143.57,154.45,1.0,2.0,4.32,180.52,-0.35,0.53,0.73,0.28,9948.44
Dmitry Andreikin,147.69,0.7,34.89,7.0,3.0,145.7,0.75,2729.0,2595.0,316.0,4.0,3.0,10.99,14.77,0.55,65.86,-0.54,0.55,0.91,153.68,139.7,2.5,0.5,4.93,218.03,-0.64,0.63,0.79,0.3,4336.9
Kaan Kucuksari,147.65,0.62,18.33,2.0,0.5,147.65,0.62,2460.0,2439.0,112.0,0.0,2.0,18.33,10.11,0.02,17.73,-0.54,,0.62,,147.65,0.0,0.5,1.23,102.25,-0.54,0.3,0.54,0.0,314.5
Tom Wedberg,147.6,0.53,10.0,1.0,0.0,147.6,0.53,2375.0,2606.0,34.0,1.0,0.0,10.0,0.0,0.0,0.0,-0.54,0.53,,147.6,,0.0,0.0,0.53,0.0,-0.54,0.0,0.0,0.0,0.0
Velimir Ivic,147.47,0.66,8.51,3.0,1.0,142.2,0.6,2610.0,2402.0,172.0,1.0,2.0,6.58,9.3,0.26,4.66,-0.54,0.6,0.68,142.2,150.1,0.0,1.0,1.97,86.41,-0.83,0.26,0.51,0.07,21.67
Vincent Keymer,147.44,1.09,8.45,7.0,5.5,147.6,0.91,2721.0,2846.0,419.0,5.0,2.0,8.39,19.38,0.96,4.22,-0.55,0.65,2.18,155.58,127.1,4.0,1.5,7.63,375.7,-0.54,1.09,1.05,0.91,17.85
Yonathan Uritsky,147.03,0.71,15.89,3.0,1.5,159.0,0.65,2307.0,2547.0,125.0,1.0,2.0,16.33,22.04,0.68,11.99,-0.57,0.06,1.03,160.5,140.3,0.5,1.0,2.13,485.7,0.08,1.42,1.19,0.47,143.78
Christian Bauer,146.9,0.78,16.2,6.0,3.5,147.25,0.72,2557.0,2453.0,261.0,3.0,3.0,15.54,10.51,0.45,6.54,-0.58,0.51,1.06,150.87,142.93,1.5,2.0,4.7,110.56,-0.56,0.32,0.57,0.21,42.83
Tamas Banusz,146.84,0.59,13.9,5.0,2.5,158.3,0.46,2591.0,2432.0,199.0,3.0,2.0,15.74,21.33,0.51,8.58,-0.58,0.53,0.7,153.07,137.5,2.0,0.5,2.97,455.0,0.04,1.32,1.15,0.26,73.67
Alexandr Predke,146.83,0.63,14.66,6.0,3.0,152.3,0.6,2677.0,2554.0,232.0,2.0,4.0,10.5,16.66,0.45,9.68,-0.58,0.65,0.62,143.85,148.32,1.0,2.0,3.77,277.42,-0.29,0.81,0.9,0.2,93.72
Peter Prohaszka,146.6,0.62,10.33,6.0,3.5,158.8,0.38,2548.0,2490.0,262.0,2.0,4.0,9.56,22.32,0.73,8.43,-0.59,0.09,0.89,161.55,139.12,1.5,2.0,3.75,498.39,0.06,1.45,1.2,0.54,70.99
Jorden Van Foreest,146.6,0.82,62.2,6.0,4.0,157.9,0.7,2697.0,2618.0,255.0,3.0,3.0,14.6,24.52,0.79,117.48,-0.59,0.49,1.15,153.77,139.43,2.0,2.0,4.93,601.16,0.02,1.75,1.32,0.63,13801.12
Ognjen Cvitan,146.55,0.62,17.05,2.0,0.5,146.55,0.62,2410.0,2336.0,59.0,0.0,2.0,17.05,11.24,0.03,10.07,-0.6,,0.62,,146.55,0.0,0.5,1.24,126.41,-0.6,0.36,0.6,0.0,101.39
Luuk Baselmans,146.4,0.96,10.38,1.0,0.5,146.4,0.96,2335.0,2688.0,52.0,1.0,0.0,10.38,0.0,0.0,0.0,-0.6,0.96,,146.4,,0.5,0.0,0.96,0.0,-0.6,0.0,0.0,0.0,0.0
Suat Atalik,146.07,0.88,14.21,3.0,1.5,146.4,0.75,2412.0,2458.0,178.0,1.0,2.0,10.47,9.9,0.4,8.52,-0.62,1.32,0.66,146.4,145.9,1.0,0.5,2.63,98.09,-0.6,0.28,0.53,0.16,72.59
Svyatoslav Bazakutsa,145.8,0.88,7.48,2.0,1.0,145.8,0.88,2483.0,2504.0,108.0,2.0,0.0,7.48,10.61,0.35,3.25,-0.64,0.88,,145.8,,1.0,0.0,1.76,112.5,-0.64,0.33,0.57,0.12,10.53
Aydin Suleymanli,145.79,0.81,9.77,7.0,4.0,157.6,0.61,2637.0,2570.0,378.0,4.0,3.0,6.36,27.24,0.91,7.22,-0.64,0.45,1.29,154.2,134.57,1.5,2.5,5.68,741.8,0.0,2.15,1.47,0.83,52.12
Aryan Chopra,145.47,0.91,30.75,7.0,5.0,144.6,1.11,2620.0,2676.0,318.0,3.0,4.0,18.97,19.38,0.71,43.0,-0.65,1.57,0.42,134.13,153.98,2.0,3.0,6.39,375.7,-0.7,1.09,1.04,0.51,1849.25
Dorian Jaeggi,145.35,0.6,9.24,2.0,1.0,145.35,0.6,2313.0,2352.0,77.0,2.0,0.0,9.24,20.44,0.92,7.86,-0.66,0.6,,145.35,,1.0,0.0,1.2,417.6,-0.66,1.22,1.1,0.85,61.83
Eytan Rozen,145.28,0.86,26.51,5.0,3.0,158.1,0.7,2478.0,2565.0,226.0,3.0,2.0,7.39,22.67,0.78,39.11,-0.66,0.37,1.59,160.23,122.85,2.0,1.0,4.3,513.99,0.03,1.49,1.22,0.6,1529.65
Egons Lavendelis,145.2,0.94,6.75,1.0,0.5,145.2,0.94,2280.0,2610.0,76.0,1.0,0.0,6.75,0.0,0.0,0.0,-0.67,0.94,,145.2,,0.5,0.0,0.94,0.0,-0.67,0.0,0.0,0.0,0.0
Robert Ris,144.8,0.57,19.09,1.0,0.0,144.8,0.57,2438.0,2538.0,35.0,0.0,1.0,19.09,0.0,0.0,0.0,-0.69,,0.57,,144.8,0.0,0.0,0.57,0.0,-0.69,0.0,0.0,0.0,0.0
Bence Korpa,144.78,0.62,101.31,5.0,3.5,157.8,0.29,2550.0,2384.0,201.0,2.0,3.0,13.24,20.02,0.59,192.91,-0.69,0.74,0.54,136.55,150.27,1.0,2.5,3.1,400.69,0.01,1.17,1.08,0.35,37212.79
Mauricio Vassallo Barroche,144.4,0.91,8.73,1.0,0.5,144.4,0.91,2342.0,2476.0,41.0,0.0,1.0,8.73,0.0,0.0,0.0,-0.71,,0.91,,144.4,0.0,0.5,0.91,0.0,-0.71,0.0,0.0,0.0,0.0
Patrik Stevik,144.2,0.64,15.18,5.0,1.5,143.7,0.51,2268.0,2281.0,204.0,2.0,3.0,14.43,9.79,0.48,11.47,-0.72,0.72,0.58,142.65,145.23,0.5,1.0,3.2,95.76,-0.75,0.28,0.53,0.23,131.49
Gukesh D,144.09,0.87,11.24,7.0,4.0,161.2,0.17,2794.0,2658.0,339.0,4.0,3.0,8.68,24.14,1.04,8.17,-0.73,1.18,0.47,138.28,151.83,2.5,1.5,6.12,582.61,0.19,1.69,1.3,1.08,66.81
Erik Blomqvist,144.03,0.72,19.06,3.0,1.0,138.2,0.73,2483.0,2429.0,148.0,2.0,1.0,22.34,13.9,0.13,8.23,-0.73,0.79,0.59,146.95,138.2,1.0,0.0,2.17,193.22,-1.04,0.56,0.75,0.02,67.67
Anton Korobov,144.01,0.71,40.62,7.0,3.5,153.1,0.67,2660.0,2474.0,332.0,2.0,5.0,16.87,23.35,0.67,64.77,-0.73,1.08,0.56,127.5,150.62,1.0,2.5,4.97,545.26,-0.24,1.58,1.26,0.45,4194.71
Ido Gorshtein,144.0,0.89,10.99,5.0,2.5,143.9,0.94,2527.0,2572.0,203.0,3.0,2.0,9.82,17.37,0.59,4.83,-0.73,0.94,0.82,146.13,140.8,2.0,0.5,4.47,301.59,-0.74,0.88,0.94,0.35,23.29
Asaf Givon,144.0,0.92,28.13,5.0,3.0,139.2,1.02,2422.0,2361.0,209.0,2.0,3.0,29.86,11.79,0.32,16.32,-0.73,0.95,0.9,143.65,144.23,1.5,1.5,4.61,139.12,-0.99,0.41,0.64,0.11,266.24
Ari Guz,144.0,0.91,14.98,1.0,0.5,144.0,0.91,2316.0,2433.0,44.0,0.0,1.0,14.98,0.0,0.0,0.0,-0.73,,0.91,,144.0,0.0,0.5,0.91,0.0,-0.73,0.0,0.0,0.0,0.0
Marcell Borhy,143.87,0.77,24.17,3.0,1.0,140.5,0.66,2355.0,2374.0,110.0,1.0,2.0,24.12,8.47,0.23,15.14,-0.74,1.04,0.64,140.5,145.55,0.5,0.5,2.32,71.7,-0.92,0.21,0.45,0.05,229.22
Aleksandar Indjic,143.86,0.97,11.61,5.0,4.0,158.4,0.35,2620.0,2750.0,234.0,2.0,3.0,13.32,27.49,1.15,7.48,-0.74,0.2,1.49,161.5,132.1,1.5,2.5,4.87,755.63,0.05,2.2,1.48,1.33,55.92
Nijat Abasov,143.83,0.84,10.58,7.0,5.0,159.0,0.58,2619.0,2584.0,415.0,5.0,2.0,11.4,25.57,0.91,5.46,-0.74,1.01,0.39,137.72,159.1,3.0,2.0,5.85,653.73,0.08,1.9,1.38,0.82,29.81
Jozef Federic,143.6,0.55,20.16,1.0,0.0,143.6,0.55,2199.0,2477.0,49.0,1.0,0.0,20.16,0.0,0.0,0.0,-0.75,0.55,,143.6,,0.0,0.0,0.55,0.0,-0.75,0.0,0.0,0.0,0.0
Slobodan J Filipovic,143.5,0.56,26.42,1.0,0.0,143.5,0.56,2233.0,2477.0,26.0,1.0,0.0,26.42,0.0,0.0,0.0,-0.76,0.56,,143.5,,0.0,0.0,0.56,0.0,-0.76,0.0,0.0,0.0,0.0
Vugar Manafov,143.48,0.68,64.9,4.0,2.5,149.1,0.65,2437.0,2250.0,138.0,2.0,2.0,22.43,19.56,0.75,99.29,-0.76,0.65,0.7,137.4,149.55,1.0,1.5,2.71,382.46,-0.46,1.11,1.05,0.56,9858.17
Volodar Murzin,143.43,0.97,9.7,7.0,5.0,158.1,0.74,2648.0,2679.0,391.0,3.0,4.0,8.67,27.12,0.89,7.72,-0.76,0.68,1.18,153.63,135.78,2.5,2.5,6.77,735.76,0.03,2.14,1.46,0.79,59.58
Jasper Beukema,143.3,0.63,20.45,1.0,0.0,143.3,0.63,2368.0,2530.0,47.0,0.0,1.0,20.45,0.0,0.0,0.0,-0.77,,0.63,,143.3,0.0,0.0,0.63,0.0,-0.77,0.0,0.0,0.0,0.0
Nikolaos Koutlas,143.2,0.48,468.0,1.0,0.0,143.2,0.48,2349.0,2354.0,42.0,0.0,1.0,468.0,0.0,0.0,0.0,-0.77,,0.48,,143.2,0.0,0.0,0.48,0.0,-0.77,0.0,0.0,0.0,0.0
Yi Wei,143.17,0.99,20.54,7.0,4.0,154.4,0.78,2763.0,2630.0,379.0,4.0,3.0,13.92,23.6,1.02,79.32,-0.78,1.14,0.8,144.72,141.1,3.0,1.0,6.93,557.16,-0.17,1.62,1.27,1.03,6291.11
Simon Thorhallsson,143.1,0.53,22.21,1.0,0.0,143.1,0.53,2164.0,2435.0,28.0,0.0,1.0,22.21,0.0,0.0,0.0,-0.78,,0.53,,143.1,0.0,0.0,0.53,0.0,-0.78,0.0,0.0,0.0,0.0
Ihor Samunenkov,143.08,0.73,15.13,5.0,2.0,138.3,0.81,2533.0,2440.0,228.0,3.0,2.0,10.2,19.82,0.69,16.88,-0.78,1.19,0.04,129.97,162.75,0.5,1.5,3.64,392.86,-1.04,1.14,1.07,0.47,285.08
Hampus Sorensen,143.03,0.53,15.92,3.0,0.5,143.2,0.43,2423.0,2225.0,160.0,2.0,1.0,19.71,17.75,0.43,12.0,-0.78,0.58,0.43,142.95,143.2,0.5,0.0,1.6,315.08,-0.77,0.92,0.96,0.19,143.93
Avital Boruchovsky,143.02,0.7,51.45,5.0,2.0,142.8,0.95,2537.0,2462.0,254.0,2.0,3.0,8.8,18.46,0.58,94.88,-0.79,0.08,1.1,161.45,130.73,1.5,0.5,3.48,340.64,-0.8,0.99,1.0,0.34,9003.02
Evgeny Zanan,143.0,0.68,60.16,7.0,3.0,143.0,0.73,2476.0,2332.0,341.0,4.0,3.0,12.36,15.34,0.38,81.74,-0.79,0.74,0.62,138.45,149.07,1.5,1.5,4.79,235.35,-0.79,0.68,0.83,0.14,6681.7
Or Bronstein,142.87,0.76,20.55,6.0,3.5,153.0,0.65,2439.0,2434.0,234.0,3.0,3.0,14.95,26.21,0.72,18.64,-0.8,0.66,0.87,155.9,129.83,3.0,0.5,4.58,687.2,-0.25,2.0,1.41,0.52,347.56
Laurence E Webb,142.3,0.55,156.14,1.0,0.0,142.3,0.55,2195.0,2418.0,65.0,0.0,1.0,156.14,0.0,0.0,0.0,-0.82,,0.55,,142.3,0.0,0.0,0.55,0.0,-0.82,0.0,0.0,0.0,0.0
Sam Baselmans,142.3,0.6,26.12,1.0,0.0,142.3,0.6,2256.0,2472.0,43.0,1.0,0.0,26.12,0.0,0.0,0.0,-0.83,0.6,,142.3,,0.0,0.0,0.6,0.0,-0.83,0.0,0.0,0.0,0.0
Nikola Nikolovski,142.1,1.59,15.52,1.0,1.0,142.1,1.59,2388.0,2839.0,63.0,1.0,0.0,15.52,0.0,0.0,0.0,-0.83,1.59,,142.1,,1.0,0.0,1.59,0.0,-0.83,0.0,0.0,0.0,0.0
Valeriu Mindru,142.0,0.48,73.53,2.0,0.0,142.0,0.48,1867.0,2111.0,52.0,1.0,1.0,73.53,1.27,0.0,51.13,-0.84,0.48,0.48,142.9,141.1,0.0,0.0,0.96,1.62,-0.84,0.0,0.07,0.0,2614.37
Tomas Kraus,141.7,1.0,17.78,4.0,2.0,138.95,1.08,2461.0,2367.0,185.0,2.0,2.0,15.84,9.63,0.27,8.24,-0.86,0.84,1.16,148.65,134.75,1.0,1.0,4.0,92.74,-1.0,0.27,0.52,0.07,67.89
Bjorn Holm Birkisson,141.7,0.49,23.0,1.0,0.0,141.7,0.49,2202.0,2285.0,34.0,0.0,1.0,23.0,0.0,0.0,0.0,-0.86,,0.49,,141.7,0.0,0.0,0.49,0.0,-0.86,0.0,0.0,0.0,0.0
Peter Jancovic,141.65,0.59,16.98,2.0,0.5,141.65,0.59,2311.0,2326.0,65.0,1.0,1.0,16.98,26.38,0.71,13.9,-0.86,0.09,1.09,160.3,123.0,0.5,0.0,1.18,695.65,-0.86,2.02,1.42,0.5,193.26
Aleksi Wallin,141.5,0.57,314.02,1.0,0.0,141.5,0.57,2181.0,2413.0,56.0,0.0,1.0,314.02,0.0,0.0,0.0,-0.87,,0.57,,141.5,0.0,0.0,0.57,0.0,-0.87,0.0,0.0,0.0,0.0
Imre Balog,141.49,0.92,12.17,7.0,4.5,157.9,0.41,2626.0,2501.0,293.0,4.0,3.0,8.1,32.97,1.25,7.0,-0.87,0.55,1.42,154.88,123.63,3.0,1.5,6.44,1086.87,0.02,3.16,1.78,1.55,49.04
Drazen Dragicevic,141.45,0.69,161.72,2.0,0.5,141.45,0.69,2316.0,2363.0,86.0,0.0,2.0,161.72,25.39,0.58,221.8,-0.87,,0.69,,141.45,0.0,0.5,1.38,644.41,-0.87,1.88,1.37,0.34,49194.43
Bardur Orn Birkisson,141.4,0.52,51.32,1.0,0.0,141.4,0.52,2272.0,2328.0,19.0,1.0,0.0,51.32,0.0,0.0,0.0,-0.87,0.52,,141.4,,0.0,0.0,0.52,0.0,-0.87,0.0,0.0,0.0,0.0
Andrew J Ledger,141.4,0.65,37.35,1.0,0.0,141.4,0.65,2337.0,2486.0,31.0,1.0,0.0,37.35,0.0,0.0,0.0,-0.87,0.65,,141.4,,0.0,0.0,0.65,0.0,-0.87,0.0,0.0,0.0,0.0
Matthew J Wadsworth,141.4,0.54,76.04,2.0,0.0,141.4,0.54,2473.0,2221.0,114.0,0.0,2.0,76.04,3.82,0.13,87.12,-0.87,,0.54,,141.4,0.0,0.0,1.07,14.58,-0.87,0.05,0.21,0.02,7590.35
Oskar Bjarnason,141.2,0.57,447.22,1.0,0.0,141.2,0.57,2115.0,2398.0,23.0,1.0,0.0,447.22,0.0,0.0,0.0,-0.88,0.57,,141.2,,0.0,0.0,0.57,0.0,-0.88,0.0,0.0,0.0,0.0
Uku Valner,141.0,0.6,35.09,1.0,0.0,141.0,0.6,2290.0,2429.0,33.0,1.0,0.0,35.09,0.0,0.0,0.0,-0.89,0.6,,141.0,,0.0,0.0,0.6,0.0,-0.89,0.0,0.0,0.0,0.0
Lara Schulze,140.93,0.72,16.41,4.0,1.0,144.85,0.62,2275.0,2190.0,181.0,1.0,3.0,16.32,18.3,0.4,10.46,-0.9,0.35,0.84,157.8,135.3,0.5,0.5,2.87,335.01,-0.68,0.97,0.99,0.16,109.43
Ante Brkic,140.8,0.88,13.2,6.0,3.0,144.65,0.73,2626.0,2481.0,246.0,3.0,3.0,11.3,22.03,0.71,7.32,-0.91,1.34,0.41,129.07,152.53,1.5,1.5,5.26,485.3,-0.7,1.41,1.19,0.51,53.63
Read Samadov,140.65,0.73,59.5,6.0,3.0,148.15,0.65,2497.0,2382.0,272.0,2.0,4.0,20.64,22.62,0.61,95.44,-0.91,0.4,0.89,158.2,131.88,2.0,1.0,4.36,511.84,-0.5,1.49,1.22,0.37,9108.98
Jonah B Willow,140.65,0.79,19.24,2.0,0.5,140.65,0.79,2420.0,2311.0,87.0,2.0,0.0,19.24,5.3,0.51,1.96,-0.92,0.79,,140.65,,0.5,0.0,1.58,28.12,-0.92,0.08,0.29,0.26,3.84
Guy Levin,140.57,1.01,17.8,3.0,1.0,133.5,1.31,2435.0,2538.0,154.0,1.0,2.0,11.61,18.44,0.78,17.58,-0.92,1.31,0.86,133.5,144.1,0.5,0.5,3.02,340.21,-1.3,0.99,1.0,0.61,309.13
Pal Morten Andreassen,140.4,0.54,37.62,1.0,0.0,140.4,0.54,2061.0,2299.0,26.0,1.0,0.0,37.62,0.0,0.0,0.0,-0.93,0.54,,140.4,,0.0,0.0,0.54,0.0,-0.93,0.0,0.0,0.0,0.0
Helmut Froeyman,140.4,0.66,35.0,1.0,0.0,140.4,0.66,2266.0,2459.0,27.0,0.0,1.0,35.0,0.0,0.0,0.0,-0.92,,0.66,,140.4,0.0,0.0,0.66,0.0,-0.92,0.0,0.0,0.0,0.0
Vugar Asadli,140.33,1.04,15.34,7.0,3.5,146.8,1.27,2553.0,2501.0,313.0,3.0,4.0,9.53,20.3,0.79,9.41,-0.93,0.27,1.61,158.43,126.75,2.0,1.5,7.25,412.13,-0.58,1.19,1.09,0.63,88.57
Filip Magold,140.23,1.17,13.11,7.0,5.0,144.2,1.1,2409.0,2474.0,391.0,4.0,3.0,13.86,15.26,0.57,7.32,-0.94,0.97,1.44,145.25,133.53,3.0,2.0,8.22,232.92,-0.72,0.68,0.82,0.33,53.53
Miklos Nemeth,140.23,0.91,78.59,3.0,1.0,141.1,0.95,2431.0,2405.0,160.0,1.0,2.0,8.95,4.07,0.12,121.52,-0.94,0.95,0.88,143.8,138.45,0.5,0.5,2.72,16.56,-0.89,0.05,0.22,0.01,14767.55
Kevin C McCarthy,140.1,0.54,22.64,1.0,0.0,140.1,0.54,1980.0,2269.0,50.0,1.0,0.0,22.64,0.0,0.0,0.0,-0.94,0.54,,140.1,,0.0,0.0,0.54,0.0,-0.94,0.0,0.0,0.0,0.0
Michiel Bosman,140.1,0.68,217.72,1.0,0.0,140.1,0.68,2341.0,2469.0,43.0,0.0,1.0,217.72,0.0,0.0,0.0,-0.94,,0.68,,140.1,0.0,0.0,0.68,0.0,-0.94,0.0,0.0,0.0,0.0
Peter Martiska,140.1,0.64,25.59,1.0,0.0,140.1,0.64,2179.0,2429.0,29.0,1.0,0.0,25.59,0.0,0.0,0.0,-0.94,0.64,,140.1,,0.0,0.0,0.64,0.0,-0.94,0.0,0.0,0.0,0.0
Bart Audenaert,139.8,0.55,52.2,1.0,0.0,139.8,0.55,1987.0,2269.0,20.0,0.0,1.0,52.2,0.0,0.0,0.0,-0.96,,0.55,,139.8,0.0,0.0,0.55,0.0,-0.96,0.0,0.0,0.0,0.0
Richard A Bates,139.8,0.65,19.62,1.0,0.0,139.8,0.65,2319.0,2435.0,42.0,1.0,0.0,19.62,0.0,0.0,0.0,-0.96,0.65,,139.8,,0.0,0.0,0.65,0.0,-0.96,0.0,0.0,0.0,0.0
Nikolas Wachinger,139.55,1.0,16.76,4.0,2.5,144.85,0.71,2442.0,2601.0,183.0,1.0,3.0,11.7,23.68,1.04,16.85,-0.97,0.09,1.3,162.2,132.0,1.0,1.5,3.98,560.54,-0.68,1.64,1.28,1.08,283.82
Bob Jansen,139.4,0.65,17.95,1.0,0.0,139.4,0.65,2195.0,2417.0,37.0,1.0,0.0,17.95,0.0,0.0,0.0,-0.98,0.65,,139.4,,0.0,0.0,0.65,0.0,-0.98,0.0,0.0,0.0,0.0
Aleksandar Tomic,139.15,0.67,15.4,4.0,1.0,147.9,0.49,2314.0,2293.0,128.0,3.0,1.0,11.7,28.21,0.75,15.46,-0.99,0.84,0.17,132.73,158.4,0.5,0.5,2.69,795.75,-0.52,2.32,1.52,0.57,238.96
Collin Colbow,138.83,0.88,20.47,3.0,1.0,128.2,1.1,2438.0,2437.0,108.0,2.0,1.0,16.47,19.2,0.65,13.73,-1.01,0.62,1.39,144.15,128.2,0.5,0.5,2.64,368.72,-1.58,1.07,1.04,0.42,188.51
Alexey Sarana,138.82,1.02,15.25,6.0,2.5,136.75,0.84,2717.0,2546.0,274.0,3.0,3.0,16.23,20.18,0.73,6.93,-1.01,1.03,1.01,143.1,134.53,2.0,0.5,6.14,407.2,-1.12,1.19,1.09,0.54,47.96
Birger Wenzel,138.6,0.57,29.05,1.0,0.0,138.6,0.57,2008.0,2219.0,20.0,0.0,1.0,29.05,0.0,0.0,0.0,-1.02,,0.57,,138.6,0.0,0.0,0.57,0.0,-1.02,0.0,0.0,0.0,0.0
Filip Boe Olsen,138.6,1.18,40.0,2.0,1.0,138.6,1.18,2444.0,2629.0,125.0,1.0,1.0,40.0,30.97,0.87,26.83,-1.02,0.57,1.8,160.5,116.7,1.0,0.0,2.37,959.22,-1.02,2.78,1.67,0.76,719.72
Vaclav Finek,138.6,0.92,10.03,3.0,1.0,136.5,0.79,2477.0,2439.0,186.0,2.0,1.0,9.8,19.44,0.73,4.7,-1.02,0.52,1.71,147.75,120.3,0.5,0.5,2.76,377.73,-1.14,1.1,1.05,0.54,22.08
James P Holland,138.0,1.14,9.87,1.0,0.5,138.0,1.14,2215.0,2533.0,54.0,0.0,1.0,9.87,0.0,0.0,0.0,-1.06,,1.14,,138.0,0.0,0.5,1.14,0.0,-1.06,0.0,0.0,0.0,0.0
Stephen Dishman,138.0,0.81,20.51,1.0,0.0,138.0,0.81,2358.0,2500.0,49.0,0.0,1.0,20.51,0.0,0.0,0.0,-1.06,,0.81,,138.0,0.0,0.0,0.81,0.0,-1.06,0.0,0.0,0.0,0.0
Alexandru-Vasile David,137.97,0.93,14.93,7.0,4.0,136.7,0.79,2345.0,2306.0,268.0,3.0,4.0,12.73,20.64,0.84,8.66,-1.06,0.55,1.22,150.73,128.4,2.0,2.0,6.53,426.02,-1.12,1.24,1.11,0.7,74.92
Gregor Haag,137.95,1.1,23.96,2.0,1.0,137.95,1.1,2335.0,2444.0,57.0,0.0,2.0,23.96,3.61,0.62,0.38,-1.06,,1.1,,137.95,0.0,1.0,2.2,13.01,-1.06,0.04,0.2,0.39,0.15
Ann Matnadze Bujiashvili,137.9,0.75,27.5,1.0,0.0,137.9,0.75,2309.0,2457.0,30.0,0.0,1.0,27.5,0.0,0.0,0.0,-1.06,,0.75,,137.9,0.0,0.0,0.75,0.0,-1.06,0.0,0.0,0.0,0.0
Nils Vantorre,137.9,1.1,10.8,1.0,0.5,137.9,1.1,2085.0,2461.0,80.0,1.0,0.0,10.8,0.0,0.0,0.0,-1.06,1.1,,137.9,,0.5,0.0,1.1,0.0,-1.06,0.0,0.0,0.0,0.0
Abedin Idrizaj,137.8,0.66,283.83,1.0,0.0,137.8,0.66,2237.0,2360.0,59.0,1.0,0.0,283.83,0.0,0.0,0.0,-1.07,0.66,,137.8,,0.0,0.0,0.66,0.0,-1.07,0.0,0.0,0.0,0.0
Rauf Mamedov,137.74,1.34,10.81,5.0,3.5,123.3,1.71,2643.0,2757.0,300.0,2.0,3.0,10.31,21.93,1.09,5.71,-1.07,0.95,1.6,142.3,134.7,1.5,2.0,6.7,480.91,-1.85,1.4,1.18,1.19,32.56
Markus Lammers,137.2,0.61,285.37,1.0,0.0,137.2,0.61,2312.0,2228.0,35.0,0.0,1.0,285.37,0.0,0.0,0.0,-1.1,,0.61,,137.2,0.0,0.0,0.61,0.0,-1.1,0.0,0.0,0.0,0.0
Harmen Jonkman,137.2,0.86,28.58,1.0,0.0,137.2,0.86,2314.0,2511.0,24.0,0.0,1.0,28.58,0.0,0.0,0.0,-1.1,,0.86,,137.2,0.0,0.0,0.86,0.0,-1.1,0.0,0.0,0.0,0.0
James Moreby,137.1,0.77,35.38,1.0,0.0,137.1,0.77,2306.0,2448.0,34.0,1.0,0.0,35.38,0.0,0.0,0.0,-1.11,0.77,,137.1,,0.0,0.0,0.77,0.0,-1.11,0.0,0.0,0.0,0.0
Borna Derakhshani,136.8,0.9,13.83,2.0,0.5,136.8,0.9,2353.0,2286.0,85.0,0.0,2.0,13.83,10.18,0.01,1.99,-1.12,,0.9,,136.8,0.0,0.5,1.8,103.68,-1.12,0.3,0.55,0.0,3.98
Raymond Vagle,136.6,0.63,21.78,1.0,0.0,136.6,0.63,1966.0,2246.0,27.0,0.0,1.0,21.78,0.0,0.0,0.0,-1.13,,0.63,,136.6,0.0,0.0,0.63,0.0,-1.13,0.0,0.0,0.0,0.0
Matiss Mustaps,136.6,0.91,24.47,1.0,0.0,136.6,0.91,2377.0,2526.0,43.0,1.0,0.0,24.47,0.0,0.0,0.0,-1.13,0.91,,136.6,,0.0,0.0,0.91,0.0,-1.13,0.0,0.0,0.0,0.0
Gennadie Slavin,136.6,1.16,14.4,2.0,1.0,136.6,1.16,2218.0,2400.0,117.0,2.0,0.0,14.4,5.37,0.76,0.41,-1.12,1.16,,136.6,,1.0,0.0,2.31,28.88,-1.12,0.08,0.29,0.57,0.17
Yahli Sokolovsky,136.43,0.98,47.47,7.0,4.0,148.0,0.83,2519.0,2486.0,249.0,3.0,4.0,8.79,25.29,0.96,72.34,-1.14,1.19,0.82,127.9,142.82,1.5,2.5,6.87,639.34,-0.51,1.86,1.36,0.91,5233.21
Alexis Cahen,136.4,0.63,24.8,1.0,0.0,136.4,0.63,2082.0,2217.0,40.0,1.0,0.0,24.8,0.0,0.0,0.0,-1.14,0.63,,136.4,,0.0,0.0,0.63,0.0,-1.14,0.0,0.0,0.0,0.0
Osmo Kauppila,136.4,0.77,14.5,1.0,0.0,136.4,0.77,2311.0,2424.0,38.0,1.0,0.0,14.5,0.0,0.0,0.0,-1.14,0.77,,136.4,,0.0,0.0,0.77,0.0,-1.14,0.0,0.0,0.0,0.0
Frederic Decoster,136.0,0.69,271.12,1.0,0.0,136.0,0.69,2260.0,2310.0,58.0,0.0,1.0,271.12,0.0,0.0,0.0,-1.16,,0.69,,136.0,0.0,0.0,0.69,0.0,-1.16,0.0,0.0,0.0,0.0
Kaarel Nestor,135.7,0.65,239.7,1.0,0.0,135.7,0.65,2127.0,2228.0,43.0,1.0,0.0,239.7,0.0,0.0,0.0,-1.18,0.65,,135.7,,0.0,0.0,0.65,0.0,-1.18,0.0,0.0,0.0,0.0
Kjell Borre Grebstad,135.5,0.7,273.47,1.0,0.0,135.5,0.7,2086.0,2306.0,38.0,0.0,1.0,273.47,0.0,0.0,0.0,-1.19,,0.7,,135.5,0.0,0.0,0.7,0.0,-1.19,0.0,0.0,0.0,0.0
Samvel Ter-Sahakyan,135.35,1.12,10.54,6.0,4.0,131.5,1.36,2609.0,2548.0,379.0,3.0,3.0,9.53,19.53,0.86,5.37,-1.2,1.2,1.03,133.8,136.9,2.0,2.0,6.7,381.53,-1.4,1.11,1.05,0.73,28.86
Filip Haring,135.2,0.86,98.94,3.0,0.0,139.5,0.89,2486.0,2241.0,110.0,0.0,3.0,21.79,8.69,0.16,138.29,-1.21,,0.86,,135.2,0.0,0.0,2.59,75.49,-0.98,0.22,0.47,0.03,19124.07
Jose Garcia Molina,135.2,1.0,19.75,2.0,0.5,135.2,1.0,2231.0,2324.0,98.0,1.0,1.0,19.75,6.79,0.04,13.38,-1.2,1.03,0.97,140.0,130.4,0.5,0.0,2.0,46.08,-1.2,0.13,0.36,0.0,178.98
Gunnar Runarsson,135.1,0.75,493.19,1.0,0.0,135.1,0.75,1994.0,2359.0,21.0,1.0,0.0,493.19,0.0,0.0,0.0,-1.21,0.75,,135.1,,0.0,0.0,0.75,0.0,-1.21,0.0,0.0,0.0,0.0
Gojko Vucinic,135.0,0.83,123.55,1.0,0.0,135.0,0.83,2366.0,2433.0,76.0,1.0,0.0,123.55,0.0,0.0,0.0,-1.22,0.83,,135.0,,0.0,0.0,0.83,0.0,-1.22,0.0,0.0,0.0,0.0
Jonas Rosner,134.9,0.97,17.56,2.0,0.5,134.9,0.97,2434.0,2301.0,102.0,2.0,0.0,17.56,1.27,0.37,2.81,-1.23,0.97,,134.9,,0.5,0.0,1.94,1.62,-1.23,0.0,0.06,0.14,7.88
Joey Grochal,134.9,1.35,21.36,1.0,0.5,134.9,1.35,2272.0,2639.0,36.0,0.0,1.0,21.36,0.0,0.0,0.0,-1.22,,1.35,,134.9,0.0,0.5,1.35,0.0,-1.22,0.0,0.0,0.0,0.0
Andrej Veljanoski,134.8,0.9,19.93,1.0,0.0,134.8,0.9,2308.0,2477.0,28.0,0.0,1.0,19.93,0.0,0.0,0.0,-1.23,,0.9,,134.8,0.0,0.0,0.9,0.0,-1.23,0.0,0.0,0.0,0.0
Johnatan Bakalchuk,134.8,0.77,28.05,3.0,0.0,134.5,0.75,2446.0,2155.0,154.0,1.0,2.0,29.85,7.15,0.14,11.21,-1.23,0.91,0.7,127.8,138.3,0.0,0.0,2.3,51.19,-1.25,0.15,0.39,0.02,125.76
Loek Van der Hagen,134.5,1.28,21.72,2.0,1.0,134.5,1.28,2322.0,2392.0,78.0,2.0,0.0,21.72,20.93,0.07,9.14,-1.25,1.28,,134.5,,1.0,0.0,2.56,438.08,-1.25,1.26,1.12,0.01,83.46
Laurent Fressinet,134.07,1.14,13.4,7.0,3.5,159.1,0.59,2615.0,2503.0,313.0,4.0,3.0,10.55,32.26,1.15,10.29,-1.27,1.69,0.39,115.08,159.4,1.0,2.5,7.95,1041.02,0.08,3.03,1.74,1.31,105.86
Runar Sigurpalsson,133.8,0.83,25.21,1.0,0.0,133.8,0.83,2268.0,2400.0,43.0,0.0,1.0,25.21,0.0,0.0,0.0,-1.28,,0.83,,133.8,0.0,0.0,0.83,0.0,-1.28,0.0,0.0,0.0,0.0
Eelke Wiersma,133.75,0.76,22.01,2.0,0.0,133.75,0.76,2292.0,2151.0,57.0,1.0,1.0,22.01,8.98,0.35,2.13,-1.28,0.52,1.01,140.1,127.4,0.0,0.0,1.53,80.64,-1.28,0.24,0.49,0.12,4.53
Milan Chovan,133.37,0.89,169.58,3.0,0.0,131.1,1.0,2336.0,2179.0,178.0,1.0,2.0,30.58,26.27,0.85,267.67,-1.31,0.0,1.34,160.7,119.7,0.0,0.0,2.68,690.29,-1.43,2.01,1.42,0.71,71646.91
Arthur Pijpers,133.2,0.96,19.2,2.0,0.0,133.2,0.96,2471.0,2307.0,92.0,0.0,2.0,19.2,16.83,0.76,11.82,-1.32,,0.96,,133.2,0.0,0.0,1.93,283.22,-1.32,0.83,0.91,0.57,139.61
Benedict Krause,133.2,1.12,22.1,3.0,1.0,139.7,0.83,2404.0,2466.0,137.0,1.0,2.0,29.89,29.79,0.68,14.59,-1.31,0.63,1.36,139.7,129.95,0.0,1.0,3.36,887.25,-0.96,2.57,1.6,0.47,212.92
Thomas Sandvik,133.2,0.76,19.3,1.0,0.0,133.2,0.76,2004.0,2294.0,23.0,1.0,0.0,19.3,0.0,0.0,0.0,-1.31,0.76,,133.2,,0.0,0.0,0.76,0.0,-1.31,0.0,0.0,0.0,0.0
Vitalii Gryshko,133.0,0.79,15.56,1.0,0.0,133.0,0.79,2303.0,2328.0,39.0,0.0,1.0,15.56,0.0,0.0,0.0,-1.33,,0.79,,133.0,0.0,0.0,0.79,0.0,-1.33,0.0,0.0,0.0,0.0
Zsolt Rigo,132.9,1.39,22.84,3.0,2.0,120.7,1.19,2389.0,2619.0,143.0,2.0,1.0,25.12,22.35,0.65,7.67,-1.33,1.48,1.19,139.7,119.3,2.0,0.0,4.16,499.72,-1.99,1.45,1.2,0.42,58.87
Max Lutze,132.9,1.84,15.98,1.0,1.0,132.9,1.84,2148.0,2761.0,43.0,1.0,0.0,15.98,0.0,0.0,0.0,-1.33,1.84,,132.9,,1.0,0.0,1.84,0.0,-1.33,0.0,0.0,0.0,0.0
Arto Pitkaaho,132.7,0.84,24.72,1.0,0.0,132.7,0.84,2123.0,2366.0,32.0,0.0,1.0,24.72,0.0,0.0,0.0,-1.34,,0.84,,132.7,0.0,0.0,0.84,0.0,-1.34,0.0,0.0,0.0,0.0
Linus Olsson,132.4,0.77,243.17,2.0,0.0,132.4,0.77,2204.0,2125.0,72.0,0.0,2.0,243.17,1.41,0.01,308.51,-1.36,,0.77,,132.4,0.0,0.0,1.54,2.0,-1.36,0.01,0.08,0.0,95178.84
Meri Grigoryan,132.25,0.78,38.46,2.0,0.0,132.25,0.78,1977.0,2155.0,77.0,0.0,2.0,38.46,14.5,0.41,15.74,-1.36,,0.78,,132.25,0.0,0.0,1.56,210.12,-1.36,0.62,0.78,0.17,247.75
Victor Kurochkin,131.75,1.68,22.17,2.0,1.5,131.75,1.68,2362.0,2661.0,66.0,0.0,2.0,22.17,27.79,0.71,5.34,-1.39,,1.68,,131.75,0.0,1.5,3.36,772.25,-1.39,2.25,1.5,0.5,28.5
Yotam Shohat,131.37,1.22,14.1,3.0,1.0,125.1,1.31,2415.0,2488.0,155.0,2.0,1.0,9.78,18.13,0.42,9.92,-1.41,1.18,1.31,138.45,117.2,1.0,0.0,3.67,328.74,-1.75,0.96,0.98,0.17,98.45
Vladimir Lukovic,131.1,1.31,12.71,3.0,1.0,136.7,0.83,2431.0,2429.0,170.0,1.0,2.0,12.83,25.27,1.01,3.38,-1.42,0.63,1.65,153.1,120.1,0.5,0.5,3.93,638.56,-1.12,1.85,1.36,1.02,11.44
Giso Jahncke,130.9,0.81,25.42,3.0,0.0,128.2,0.93,2234.0,2005.0,117.0,1.0,2.0,24.0,8.48,0.23,13.47,-1.44,0.93,0.75,124.1,134.3,0.0,0.0,2.43,71.89,-1.58,0.2,0.45,0.05,181.34
Frank Sawatzki,130.23,0.94,17.8,3.0,0.5,128.2,1.03,2354.0,2173.0,131.0,1.0,2.0,18.91,27.11,0.73,11.81,-1.47,0.17,1.33,158.3,116.2,0.5,0.0,2.83,734.8,-1.58,2.14,1.46,0.54,139.57
Zoltan Varga,130.2,1.16,14.72,3.0,2.0,159.1,0.65,2286.0,2628.0,121.0,2.0,1.0,10.75,57.94,1.53,12.75,-1.48,0.3,2.88,163.55,63.5,2.0,0.0,3.49,3356.47,0.08,9.74,3.12,2.33,162.5
Avni Ermeni,129.7,0.89,40.13,1.0,0.0,129.7,0.89,2126.0,2316.0,39.0,0.0,1.0,40.13,0.0,0.0,0.0,-1.5,,0.89,,129.7,0.0,0.0,0.89,0.0,-1.5,0.0,0.0,0.0,0.0
Stefan Mazur,128.55,0.97,23.66,2.0,0.0,128.55,0.97,2432.0,2249.0,68.0,2.0,0.0,23.66,21.57,0.54,6.66,-1.56,0.97,,128.55,,0.0,0.0,1.93,465.13,-1.56,1.34,1.16,0.3,44.37
Alon Mindlin,127.7,1.31,17.2,5.0,2.0,125.4,1.17,2452.0,2321.0,217.0,3.0,2.0,17.08,15.66,0.73,6.25,-1.61,1.73,0.68,117.33,143.25,1.5,0.5,6.54,245.09,-1.74,0.71,0.84,0.53,39.01
Nicolas Brunner,127.5,1.06,139.93,2.0,0.0,127.5,1.06,2427.0,2281.0,78.0,2.0,0.0,139.93,18.38,0.59,167.87,-1.62,1.06,,127.5,,0.0,0.0,2.11,338.0,-1.62,0.98,0.99,0.34,28181.75
Markus Ragger,127.15,1.36,19.07,2.0,0.5,127.15,1.36,2584.0,2422.0,141.0,0.0,2.0,19.07,1.91,0.49,9.42,-1.64,,1.36,,127.15,0.0,0.5,2.72,3.64,-1.64,0.01,0.11,0.24,88.71
Marcel Juegel,127.1,1.04,23.16,1.0,0.0,127.1,1.04,2109.0,2379.0,37.0,0.0,1.0,23.16,0.0,0.0,0.0,-1.64,,1.04,,127.1,0.0,0.0,1.04,0.0,-1.64,0.0,0.0,0.0,0.0
G. Petar Arnaudov,127.0,1.34,27.93,1.0,0.0,127.0,1.34,2407.0,2528.0,41.0,0.0,1.0,27.93,0.0,0.0,0.0,-1.65,,1.34,,127.0,0.0,0.0,1.34,0.0,-1.65,0.0,0.0,0.0,0.0
Dimitrios Mastrovasilis,126.9,1.44,13.28,2.0,0.5,126.9,1.44,2532.0,2464.0,129.0,2.0,0.0,13.28,1.56,0.47,2.77,-1.65,1.44,,126.9,,0.5,0.0,2.88,2.42,-1.65,0.01,0.08,0.22,7.68
Andres Luque Saiz,126.85,1.28,21.42,2.0,0.5,126.85,1.28,2328.0,2360.0,75.0,1.0,1.0,21.42,8.98,0.49,6.18,-1.66,0.93,1.63,133.2,120.5,0.0,0.5,2.56,80.64,-1.66,0.24,0.49,0.24,38.19
Ori Kochavi,126.8,1.12,29.43,3.0,0.0,124.5,1.38,2371.0,2189.0,140.0,2.0,1.0,27.14,14.49,0.56,4.18,-1.66,0.93,1.5,133.4,113.6,0.0,0.0,3.36,209.89,-1.78,0.61,0.78,0.31,17.51
Vladimir Hamitevici,126.5,1.28,132.45,3.0,1.0,107.7,1.88,2419.0,2501.0,158.0,0.0,3.0,149.08,34.05,1.08,86.77,-1.68,,1.28,,126.5,0.0,1.0,3.83,1159.09,-2.69,3.36,1.83,1.17,7529.73
Bozidar Kisic,126.4,1.05,175.25,3.0,1.0,141.4,0.54,2192.0,2214.0,112.0,1.0,2.0,26.41,41.58,0.98,272.51,-1.68,0.54,1.3,141.4,118.9,0.0,1.0,3.14,1729.0,-0.87,5.03,2.24,0.97,74259.87
Kai Spriestersbach,126.1,1.16,17.58,1.0,0.0,126.1,1.16,2063.0,2434.0,45.0,0.0,1.0,17.58,0.0,0.0,0.0,-1.7,,1.16,,126.1,0.0,0.0,1.16,0.0,-1.7,0.0,0.0,0.0,0.0
Andrey Alekseev,126.1,0.94,37.43,1.0,0.0,126.1,0.94,2298.0,2228.0,21.0,0.0,1.0,37.43,0.0,0.0,0.0,-1.7,,0.94,,126.1,0.0,0.0,0.94,0.0,-1.7,0.0,0.0,0.0,0.0
Namig Guliyev,125.93,1.18,9.57,3.0,2.5,157.8,0.26,2485.0,2448.0,146.0,1.0,2.0,4.7,56.15,1.77,10.37,-1.7,0.05,1.74,158.9,109.45,1.0,1.5,3.53,3152.82,0.02,9.17,3.03,3.14,107.44
Thomas Willemze,125.8,1.4,434.33,1.0,0.0,125.8,1.4,2322.0,2528.0,24.0,1.0,0.0,434.33,0.0,0.0,0.0,-1.72,1.4,,125.8,,0.0,0.0,1.4,0.0,-1.72,0.0,0.0,0.0,0.0
Nino Maisuradze,125.7,0.99,27.18,1.0,0.0,125.7,0.99,2181.0,2289.0,38.0,0.0,1.0,27.18,0.0,0.0,0.0,-1.72,,0.99,,125.7,0.0,0.0,0.99,0.0,-1.72,0.0,0.0,0.0,0.0
Marcel Thirion,125.6,1.55,33.56,1.0,0.5,125.6,1.55,2045.0,2536.0,32.0,1.0,0.0,33.56,0.0,0.0,0.0,-1.72,1.55,,125.6,,0.5,0.0,1.55,0.0,-1.72,0.0,0.0,0.0,0.0
Alexander Van Beek,125.0,1.24,15.2,1.0,0.0,125.0,1.24,2304.0,2457.0,59.0,1.0,0.0,15.2,0.0,0.0,0.0,-1.75,1.24,,125.0,,0.0,0.0,1.24,0.0,-1.75,0.0,0.0,0.0,0.0
Joar Ostlund,125.0,1.59,360.61,1.0,0.0,125.0,1.59,2339.0,2572.0,31.0,0.0,1.0,360.61,0.0,0.0,0.0,-1.76,,1.59,,125.0,0.0,0.0,1.59,0.0,-1.76,0.0,0.0,0.0,0.0
Torben Schulze,124.9,1.19,273.61,1.0,0.0,124.9,1.19,2314.0,2431.0,38.0,1.0,0.0,273.61,0.0,0.0,0.0,-1.76,1.19,,124.9,,0.0,0.0,1.19,0.0,-1.76,0.0,0.0,0.0,0.0
Dennis Van Vliet,124.7,1.09,14.29,1.0,0.0,124.7,1.09,2040.0,2354.0,41.0,1.0,0.0,14.29,0.0,0.0,0.0,-1.77,1.09,,124.7,,0.0,0.0,1.09,0.0,-1.77,0.0,0.0,0.0,0.0
Hilmir Freyr Heimisson,124.5,1.2,193.7,1.0,0.0,124.5,1.2,2384.0,2422.0,56.0,0.0,1.0,193.7,0.0,0.0,0.0,-1.78,,1.2,,124.5,0.0,0.0,1.2,0.0,-1.78,0.0,0.0,0.0,0.0
Ulvi Sadikhov,124.12,1.21,98.62,6.0,3.0,138.05,0.68,2490.0,2328.0,264.0,4.0,2.0,32.39,39.02,1.35,138.94,-1.8,0.92,1.8,130.3,111.75,1.0,2.0,7.26,1522.25,-1.06,4.43,2.1,1.81,19305.13
Cemil Gulbas,123.9,1.13,28.98,1.0,0.0,123.9,1.13,2340.0,2363.0,42.0,1.0,0.0,28.98,0.0,0.0,0.0,-1.81,1.13,,123.9,,0.0,0.0,1.13,0.0,-1.81,0.0,0.0,0.0,0.0
Andreas Vogt,123.75,1.09,186.86,2.0,0.0,123.75,1.09,2280.0,2216.0,60.0,1.0,1.0,186.86,24.11,0.68,231.65,-1.82,0.61,1.57,140.8,106.7,0.0,0.0,2.18,581.41,-1.82,1.69,1.3,0.46,53660.88
Jiri Stocek,123.58,1.36,35.45,5.0,1.5,142.0,0.73,2501.0,2359.0,251.0,2.0,3.0,19.31,41.09,1.19,35.8,-1.83,0.4,2.0,156.55,101.6,1.5,0.0,6.79,1688.12,-0.84,4.92,2.22,1.42,1281.41
Samir Sahidi,123.4,1.63,20.03,3.0,1.0,128.9,1.46,2481.0,2531.0,167.0,3.0,0.0,20.11,24.03,1.07,2.03,-1.84,1.63,,123.4,,1.0,0.0,4.88,577.29,-1.55,1.68,1.3,1.14,4.13
Alexander Kaspi,123.12,1.7,78.46,4.0,3.0,133.35,1.68,2346.0,2392.0,177.0,3.0,1.0,32.8,38.82,0.73,98.21,-1.86,1.64,1.87,121.93,126.7,2.0,1.0,6.78,1506.91,-1.3,4.38,2.09,0.54,9646.1
Mikhail Bryakin,123.03,1.65,119.7,3.0,1.0,133.3,1.52,2438.0,2475.0,129.0,1.0,2.0,20.0,24.57,0.71,183.11,-1.86,1.01,1.96,140.8,114.15,0.5,0.5,4.94,603.46,-1.31,1.75,1.32,0.5,33530.86
Theodor Kenneskog,122.6,1.7,17.22,3.0,2.0,139.4,1.54,2266.0,2510.0,123.0,2.0,1.0,21.74,45.96,1.45,11.37,-1.89,2.38,0.34,105.0,157.8,1.5,0.5,5.11,2112.64,-0.98,6.14,2.48,2.11,129.3
Stefan Tadic,122.07,1.31,23.97,3.0,0.5,123.3,1.14,2446.0,2202.0,117.0,2.0,1.0,25.31,4.29,0.29,6.7,-1.91,1.4,1.14,124.45,117.3,0.5,0.0,3.93,18.36,-1.85,0.05,0.23,0.09,44.91
Dan Cramling,122.0,1.34,34.31,1.0,0.0,122.0,1.34,2318.0,2449.0,29.0,0.0,1.0,34.31,0.0,0.0,0.0,-1.92,,1.34,,122.0,0.0,0.0,1.34,0.0,-1.92,0.0,0.0,0.0,0.0
Dave J Ledger,121.9,1.23,20.93,1.0,0.0,121.9,1.23,2209.0,2390.0,43.0,1.0,0.0,20.93,0.0,0.0,0.0,-1.92,1.23,,121.9,,0.0,0.0,1.23,0.0,-1.92,0.0,0.0,0.0,0.0
Koen Leenhouts,121.7,1.24,307.35,1.0,0.0,121.7,1.24,2444.0,2391.0,34.0,0.0,1.0,307.35,0.0,0.0,0.0,-1.93,,1.24,,121.7,0.0,0.0,1.24,0.0,-1.93,0.0,0.0,0.0,0.0
Kjell Petersson,121.55,1.08,215.26,2.0,0.0,121.55,1.08,2060.0,2067.0,97.0,2.0,0.0,215.26,19.02,0.6,3.31,-1.94,1.08,,121.55,,0.0,0.0,2.15,361.81,-1.94,1.05,1.03,0.36,10.95
Ingo Cordts,121.3,1.18,28.79,1.0,0.0,121.3,1.18,2212.0,2334.0,63.0,0.0,1.0,28.79,0.0,0.0,0.0,-1.96,,1.18,,121.3,0.0,0.0,1.18,0.0,-1.96,0.0,0.0,0.0,0.0
Steven Geirnaert,121.2,1.08,24.13,1.0,0.0,121.2,1.08,2419.0,2208.0,53.0,0.0,1.0,24.13,0.0,0.0,0.0,-1.96,,1.08,,121.2,0.0,0.0,1.08,0.0,-1.96,0.0,0.0,0.0,0.0
Pierre Gengler,120.6,1.12,80.12,1.0,0.0,120.6,1.12,2087.0,2248.0,33.0,0.0,1.0,80.12,0.0,0.0,0.0,-1.99,,1.12,,120.6,0.0,0.0,1.12,0.0,-1.99,0.0,0.0,0.0,0.0
Bertalan Bokorovics,120.5,1.51,266.12,1.0,0.0,120.5,1.51,2205.0,2492.0,58.0,0.0,1.0,266.12,0.0,0.0,0.0,-2.0,,1.51,,120.5,0.0,0.0,1.51,0.0,-2.0,0.0,0.0,0.0,0.0
Jonas Barkhagen,120.27,1.32,22.14,3.0,0.5,121.7,1.56,2413.0,2199.0,109.0,1.0,2.0,23.23,20.59,0.62,3.98,-2.01,1.56,1.2,121.7,119.55,0.5,0.0,3.96,423.84,-1.93,1.24,1.11,0.38,15.83
Roee Pelech,120.1,1.11,22.45,1.0,0.0,120.1,1.11,2180.0,2210.0,58.0,1.0,0.0,22.45,0.0,0.0,0.0,-2.02,1.11,,120.1,,0.0,0.0,1.11,0.0,-2.02,0.0,0.0,0.0,0.0
Milton Pantzar,119.1,1.32,30.21,2.0,0.0,119.1,1.32,2450.0,2262.0,91.0,2.0,0.0,30.21,23.19,0.72,18.71,-2.08,1.32,,119.1,,0.0,0.0,2.64,537.92,-2.08,1.57,1.25,0.52,350.07
Jan-Willem De Jong,118.95,1.97,23.54,2.0,1.0,118.95,1.97,2412.0,2617.0,126.0,2.0,0.0,23.54,4.31,0.51,0.65,-2.08,1.97,,118.95,,1.0,0.0,3.94,18.6,-2.08,0.05,0.23,0.26,0.42
Anton Zlatkov,118.4,1.66,30.96,1.0,0.0,118.4,1.66,2323.0,2511.0,47.0,1.0,0.0,30.96,0.0,0.0,0.0,-2.11,1.66,,118.4,,0.0,0.0,1.66,0.0,-2.11,0.0,0.0,0.0,0.0
Bjarte Leer-Helgesen,118.1,1.48,26.83,1.0,0.0,118.1,1.48,2355.0,2446.0,35.0,1.0,0.0,26.83,0.0,0.0,0.0,-2.13,1.48,,118.1,,0.0,0.0,1.48,0.0,-2.13,0.0,0.0,0.0,0.0
Mihajlo Radovanovic,117.43,1.38,28.88,3.0,0.0,111.0,1.6,2426.0,2167.0,117.0,2.0,1.0,23.74,18.32,0.55,14.2,-2.16,1.27,1.6,124.55,103.2,0.0,0.0,4.15,335.54,-2.51,0.97,0.99,0.3,201.69
David Gorodetzky,117.2,1.5,20.7,3.0,0.0,116.6,1.28,2497.0,2240.0,160.0,2.0,1.0,22.15,28.3,1.0,3.1,-2.18,1.6,1.28,117.5,116.6,0.0,0.0,4.49,801.16,-2.21,2.34,1.53,1.01,9.61
Georgios Kanakaris,117.05,1.48,157.6,2.0,0.0,117.05,1.48,2402.0,2291.0,68.0,0.0,2.0,157.6,6.01,0.29,165.97,-2.18,,1.48,,117.05,0.0,0.0,2.95,36.12,-2.18,0.11,0.33,0.08,27544.39
Attila Istvan Csonka,116.43,1.24,27.07,3.0,0.0,104.6,1.59,2286.0,2062.0,132.0,1.0,2.0,19.92,27.44,0.8,23.69,-2.22,1.59,1.07,104.6,122.35,0.0,0.0,3.73,752.72,-2.85,2.18,1.48,0.64,561.34
Pall A. Thorarinsson,116.1,1.88,13.77,1.0,0.5,116.1,1.88,2171.0,2548.0,66.0,1.0,0.0,13.77,0.0,0.0,0.0,-2.24,1.88,,116.1,,0.5,0.0,1.88,0.0,-2.24,0.0,0.0,0.0,0.0
Ivana Manova,116.0,1.53,416.85,1.0,0.0,116.0,1.53,2060.0,2434.0,61.0,0.0,1.0,416.85,0.0,0.0,0.0,-2.24,,1.53,,116.0,0.0,0.0,1.53,0.0,-2.24,0.0,0.0,0.0,0.0
Klendi Zeneli,115.8,1.63,41.67,1.0,0.0,115.8,1.63,2214.0,2469.0,43.0,1.0,0.0,41.67,0.0,0.0,0.0,-2.25,1.63,,115.8,,0.0,0.0,1.63,0.0,-2.25,0.0,0.0,0.0,0.0
Stephen C Ledger,115.0,1.38,34.38,1.0,0.0,115.0,1.38,1997.0,2334.0,34.0,0.0,1.0,34.38,0.0,0.0,0.0,-2.3,,1.38,,115.0,0.0,0.0,1.38,0.0,-2.3,0.0,0.0,0.0,0.0
Martin Voigt,114.53,1.57,18.1,3.0,0.5,124.7,1.62,2316.0,2218.0,171.0,2.0,1.0,17.09,17.7,0.59,8.01,-2.32,1.88,0.96,109.4,124.8,0.5,0.0,4.71,313.14,-1.77,0.91,0.95,0.34,64.12
Hans Krogh Harestad,113.3,1.44,174.53,1.0,0.0,113.3,1.44,2160.0,2332.0,60.0,1.0,0.0,174.53,0.0,0.0,0.0,-2.39,1.44,,113.3,,0.0,0.0,1.44,0.0,-2.39,0.0,0.0,0.0,0.0
Jan Bednarich,112.8,1.55,425.36,1.0,0.0,112.8,1.55,2212.0,2392.0,50.0,0.0,1.0,425.36,0.0,0.0,0.0,-2.41,,1.55,,112.8,0.0,0.0,1.55,0.0,-2.41,0.0,0.0,0.0,0.0
Marc`Andria Maurizzi,111.69,1.73,23.88,7.0,3.0,139.1,0.9,2594.0,2501.0,442.0,3.0,4.0,16.35,83.34,2.72,76.96,-2.48,3.11,0.68,73.67,140.2,2.5,0.5,12.08,6945.87,-1.0,20.18,4.49,7.41,5922.72
Margeir Petursson,111.5,2.44,29.78,1.0,0.0,111.5,2.44,2405.0,2603.0,46.0,0.0,1.0,29.78,0.0,0.0,0.0,-2.48,,2.44,,111.5,0.0,0.0,2.44,0.0,-2.48,0.0,0.0,0.0,0.0
Benedikt Briem,111.3,1.34,462.95,1.0,0.0,111.3,1.34,2172.0,2155.0,43.0,0.0,1.0,462.95,0.0,0.0,0.0,-2.49,,1.34,,111.3,0.0,0.0,1.34,0.0,-2.49,0.0,0.0,0.0,0.0
Alvar Alonso Rosell,109.85,1.86,28.44,2.0,0.0,109.85,1.86,2550.0,2302.0,89.0,1.0,1.0,28.44,5.16,0.61,1.77,-2.57,2.29,1.43,106.2,113.5,0.0,0.0,3.72,26.65,-2.57,0.08,0.28,0.37,3.12
Helmut Cardon,108.2,1.69,24.82,1.0,0.0,108.2,1.69,2344.0,2382.0,40.0,1.0,0.0,24.82,0.0,0.0,0.0,-2.66,1.69,,108.2,,0.0,0.0,1.69,0.0,-2.66,0.0,0.0,0.0,0.0
Sander Kukk,108.1,1.72,31.61,1.0,0.0,108.1,1.72,2235.0,2393.0,33.0,0.0,1.0,31.61,0.0,0.0,0.0,-2.66,,1.72,,108.1,0.0,0.0,1.72,0.0,-2.66,0.0,0.0,0.0,0.0
Vuk Miletic,107.55,1.78,21.77,2.0,0.5,107.55,1.78,2246.0,2101.0,92.0,2.0,0.0,21.77,5.44,0.26,0.65,-2.7,1.78,,107.55,,0.5,0.0,3.57,29.64,-2.7,0.08,0.29,0.07,0.42
Sophie Milliet,107.2,2.01,320.76,1.0,0.0,107.2,2.01,2356.0,2481.0,33.0,1.0,0.0,320.76,0.0,0.0,0.0,-2.72,2.01,,107.2,,0.0,0.0,2.01,0.0,-2.72,0.0,0.0,0.0,0.0
Ameet K Ghasi,107.0,1.93,167.29,1.0,0.0,107.0,1.93,2503.0,2457.0,68.0,1.0,0.0,167.29,0.0,0.0,0.0,-2.73,1.93,,107.0,,0.0,0.0,1.93,0.0,-2.73,0.0,0.0,0.0,0.0
Simon T Ansell,106.4,1.96,30.21,1.0,0.0,106.4,1.96,2328.0,2459.0,61.0,0.0,1.0,30.21,0.0,0.0,0.0,-2.76,,1.96,,106.4,0.0,0.0,1.96,0.0,-2.76,0.0,0.0,0.0,0.0
Jonah Krause,104.8,1.77,27.98,3.0,0.0,97.5,1.91,2350.0,2145.0,136.0,2.0,1.0,30.51,15.59,0.58,5.59,-2.85,1.69,1.91,108.45,97.5,0.0,0.0,5.3,243.03,-3.24,0.71,0.84,0.33,31.23
Dennes Abel,104.7,1.93,34.62,1.0,0.0,104.7,1.93,2411.0,2429.0,32.0,0.0,1.0,34.62,0.0,0.0,0.0,-2.85,,1.93,,104.7,0.0,0.0,1.93,0.0,-2.85,0.0,0.0,0.0,0.0
Aki Pitkaaho,104.1,1.88,24.07,1.0,0.0,104.1,1.88,2182.0,2404.0,44.0,1.0,0.0,24.07,0.0,0.0,0.0,-2.88,1.88,,104.1,,0.0,0.0,1.88,0.0,-2.88,0.0,0.0,0.0,0.0
Triin Narva,104.1,1.59,29.11,1.0,0.0,104.1,1.59,2057.0,2218.0,27.0,0.0,1.0,29.11,0.0,0.0,0.0,-2.88,,1.59,,104.1,0.0,0.0,1.59,0.0,-2.88,0.0,0.0,0.0,0.0
Dimitrios Stefanou,103.7,2.05,17.49,2.0,0.5,103.7,2.05,2356.0,2389.0,106.0,2.0,0.0,17.49,80.61,2.88,22.51,-2.9,2.05,,103.7,,0.5,0.0,4.11,6498.0,-2.9,18.91,4.35,8.28,506.89
Johann Hjartarson,103.4,2.36,38.39,1.0,0.0,103.4,2.36,2474.0,2526.0,46.0,0.0,1.0,38.39,0.0,0.0,0.0,-2.92,,2.36,,103.4,0.0,0.0,2.36,0.0,-2.92,0.0,0.0,0.0,0.0
Nimrod Veinberg,100.73,1.99,78.39,6.0,3.0,103.45,1.68,2408.0,2294.0,277.0,2.0,4.0,32.74,42.56,1.41,207.07,-3.06,2.34,1.82,87.45,107.38,0.5,2.5,11.96,1811.07,-2.92,5.26,2.29,2.0,42877.96
Mikhail Pleshkov,100.4,1.95,63.6,3.0,0.5,105.5,1.96,2002.0,2132.0,192.0,1.0,2.0,20.96,11.07,0.47,81.64,-3.08,1.48,2.19,108.0,96.6,0.0,0.5,5.86,122.53,-2.81,0.35,0.59,0.22,6664.92
Muhamet Asllani,97.9,2.17,27.26,1.0,0.0,97.9,2.17,2136.0,2428.0,54.0,0.0,1.0,27.26,0.0,0.0,0.0,-3.21,,2.17,,97.9,0.0,0.0,2.17,0.0,-3.21,0.0,0.0,0.0,0.0
Orel Ribstein,97.4,1.73,24.03,1.0,0.0,97.4,1.73,2190.0,2131.0,38.0,0.0,1.0,24.03,0.0,0.0,0.0,-3.24,,1.73,,97.4,0.0,0.0,1.73,0.0,-3.24,0.0,0.0,0.0,0.0
Ansgar Barthel,89.5,1.97,33.66,1.0,0.0,89.5,1.97,2016.0,2155.0,50.0,0.0,1.0,33.66,0.0,0.0,0.0,-3.67,,1.97,,89.5,0.0,0.0,1.97,0.0,-3.67,0.0,0.0,0.0,0.0
Sascha Kurt,88.0,2.12,35.69,1.0,0.0,88.0,2.12,2141.0,2258.0,54.0,1.0,0.0,35.69,0.0,0.0,0.0,-3.75,2.12,,88.0,,0.0,0.0,2.12,0.0,-3.75,0.0,0.0,0.0,0.0
Kirill Chukavin,81.2,2.8,103.21,1.0,0.0,81.2,2.8,2348.0,2431.0,38.0,0.0,1.0,103.21,0.0,0.0,0.0,-4.12,,2.8,,81.2,0.0,0.0,2.8,0.0,-4.12,0.0,0.0,0.0,0.0
Ramon Ibanez Aullana,75.2,2.38,52.44,1.0,0.0,75.2,2.38,2270.0,2155.0,39.0,1.0,0.0,52.44,0.0,0.0,0.0,-4.44,2.38,,75.2,,0.0,0.0,2.38,0.0,-4.44,0.0,0.0,0.0,0.0
Vahap Sanal,72.9,2.34,28.64,1.0,0.0,72.9,2.34,2570.0,1957.0,42.0,0.0,1.0,28.64,0.0,0.0,0.0,-4.57,,2.34,,72.9,0.0,0.0,2.34,0.0,-4.57,0.0,0.0,0.0,0.0
Roy Vagman,59.6,2.98,19.18,1.0,0.0,59.6,2.98,2324.0,2251.0,99.0,1.0,0.0,19.18,0.0,0.0,0.0,-5.28,2.98,,59.6,,0.0,0.0,2.98,0.0,-5.28,0.0,0.0,0.0,0.0
Francisco Sanchez Guirado,58.5,3.45,31.88,1.0,0.5,58.5,3.45,2294.0,2408.0,76.0,0.0,1.0,31.88,0.0,0.0,0.0,-5.34,,3.45,,58.5,0.0,0.5,3.45,0.0,-5.34,0.0,0.0,0.0,0.0
Martin Dobrotka,28.5,4.06,148.61,1.0,0.0,28.5,4.06,2193.0,2299.0,79.0,1.0,0.0,148.61,0.0,0.0,0.0,-6.96,4.06,,28.5,,0.0,0.0,4.06,0.0,-6.96,0.0,0.0,0.0,0.0
Birkir Isak Johannsson,13.0,4.3,47.7,1.0,0.0,13.0,4.3,2142.0,2217.0,43.0,1.0,0.0,47.7,0.0,0.0,0.0,-7.79,4.3,,13.0,,0.0,0.0,4.3,0.0,-7.79,0.0,0.0,0.0,0.0
Tapani Sammalvuo,-77.3,8.26,145.46,1.0,0.0,-77.3,8.26,2368.0,2403.0,135.0,0.0,1.0,145.46,0.0,0.0,0.0,-12.66,,8.26,,-77.3,0.0,0.0,8.26,0.0,-12.66,0.0,0.0,0.0,0.0
