Player,avg_gi,avg_gpl,avg_acpl,total_game_count,Points,gi_median,gpl_median,Elo,TPR,total_moves,White_games,Black_games,acpl_median,gi_std,gpl_std,acpl_std,avg_gi_raw,avg_gpl_white,avg_gpl_black,avg_gi_white,avg_gi_black,white_result_sum,black_result_sum,total_gpl_sum,gi_var,gi_raw_median,gi_raw_var,gi_raw_std,gpl_var,acpl_var
Erigaisi Arjun,162.01,0.4,-20.6,11.0,10.0,163.4,0.26,2778.0,2985.0,493.0,6.0,5.0,7.33,6.7,0.4,91.91,0.24,0.44,0.36,160.9,163.34,5.0,5.0,4.44,44.85,0.31,0.13,0.36,0.16,8447.23
Shant Sargsyan,161.11,0.18,17.45,11.0,7.0,161.1,0.08,2649.0,2663.0,461.0,6.0,5.0,3.89,3.07,0.22,46.14,0.19,0.21,0.15,161.77,160.32,4.5,2.5,2.0,9.45,0.19,0.03,0.17,0.05,2129.17
Nodirbek Abdusattorov,158.96,0.57,7.07,11.0,9.0,161.6,0.29,2766.0,2884.0,523.0,6.0,5.0,5.35,8.4,0.48,5.02,0.07,0.54,0.62,159.03,158.88,5.0,4.0,6.32,70.63,0.22,0.2,0.45,0.23,25.24
David Anton Guijarro,157.76,0.34,22.08,11.0,7.0,161.0,0.28,2665.0,2659.0,488.0,5.0,6.0,7.06,9.25,0.31,43.89,0.01,0.21,0.45,156.82,158.55,3.0,4.0,3.76,85.58,0.18,0.25,0.5,0.1,1925.95
Haik M. Martirosyan,154.13,0.58,18.81,11.0,7.0,158.5,0.38,2667.0,2707.0,523.0,5.0,6.0,7.94,12.94,0.65,70.94,-0.19,0.91,0.32,152.12,155.8,4.0,3.0,6.42,167.43,0.05,0.49,0.7,0.42,5032.6
Bardiya Daneshvar,150.71,0.69,32.32,11.0,7.5,158.2,0.53,2598.0,2688.0,566.0,6.0,5.0,5.86,18.08,0.74,84.52,-0.37,0.97,0.35,141.7,161.52,3.5,4.0,7.6,326.79,0.03,0.95,0.97,0.54,7143.9
Aydin Suleymanli,149.21,0.71,14.26,11.0,6.0,159.5,0.54,2632.0,2590.0,476.0,5.0,6.0,10.63,20.76,0.69,14.15,-0.45,0.75,0.67,151.1,147.63,3.5,2.5,7.76,430.81,0.1,1.25,1.12,0.48,200.29
Yangyi Yu,161.92,0.3,6.03,10.0,7.5,161.85,0.11,2703.0,2800.0,404.0,6.0,4.0,5.01,3.93,0.38,2.85,0.23,0.13,0.55,162.43,161.15,4.0,3.5,2.99,15.47,0.24,0.04,0.21,0.14,8.09
Levon Aronian,161.44,0.34,20.74,10.0,8.0,162.65,0.16,2729.0,2773.0,416.0,6.0,4.0,5.84,3.08,0.39,47.95,0.21,0.38,0.29,160.98,162.12,4.5,3.5,3.45,9.51,0.27,0.03,0.17,0.15,2299.15
Gukesh D,160.78,0.47,33.08,10.0,9.0,165.5,0.18,2764.0,3072.0,500.0,5.0,5.0,4.22,20.04,0.94,88.41,0.18,0.14,0.8,168.5,153.06,4.5,4.5,4.7,401.74,0.43,1.17,1.08,0.88,7816.67
Tuan Minh Le,160.43,0.3,5.25,10.0,7.5,161.25,0.1,2564.0,2731.0,491.0,5.0,5.0,5.15,7.96,0.49,4.69,0.15,0.22,0.38,163.04,157.82,4.0,3.5,2.99,63.36,0.2,0.18,0.43,0.24,22.01
Bogdan-Daniel Deac,160.07,0.26,11.38,10.0,6.0,161.3,0.08,2680.0,2696.0,551.0,5.0,5.0,4.0,8.64,0.37,21.9,0.14,0.14,0.38,163.34,156.8,4.0,2.0,2.6,74.7,0.2,0.22,0.47,0.14,479.49
Santosh Gujrathi Vidit,158.95,0.39,4.94,10.0,7.5,160.15,0.18,2720.0,2741.0,500.0,5.0,5.0,4.54,6.74,0.49,4.56,0.08,0.37,0.4,160.7,157.2,4.5,3.0,3.86,45.47,0.14,0.13,0.36,0.24,20.78
Yi Wei,157.65,0.37,23.12,10.0,5.0,162.65,0.03,2762.0,2632.0,492.0,4.0,6.0,3.62,12.38,0.6,55.35,0.0,0.2,0.49,163.92,153.47,2.0,3.0,3.74,153.28,0.28,0.44,0.67,0.36,3063.11
Wesley So,157.46,0.37,8.98,10.0,6.5,162.25,0.1,2752.0,2731.0,493.0,5.0,5.0,5.62,15.28,0.51,9.21,0.0,0.43,0.3,160.9,154.02,4.5,2.0,3.65,233.52,0.26,0.68,0.82,0.26,84.86
Matthias Bluebaum,156.11,0.48,8.38,10.0,7.5,159.4,0.42,2640.0,2662.0,428.0,6.0,4.0,8.38,10.58,0.37,7.29,-0.08,0.33,0.7,160.27,149.88,5.5,2.0,4.78,111.86,0.1,0.33,0.57,0.14,53.17
M. Amin Tabatabaei,155.95,0.43,41.39,10.0,4.5,159.45,0.44,2714.0,2589.0,456.0,4.0,6.0,6.3,9.24,0.41,116.21,-0.09,0.66,0.27,149.43,160.3,1.5,3.0,4.28,85.45,0.11,0.25,0.5,0.17,13504.76
Velimir Ivic,155.7,0.42,6.13,10.0,7.0,159.2,0.24,2599.0,2647.0,417.0,4.0,6.0,6.66,11.73,0.48,6.07,-0.1,0.22,0.55,158.18,154.05,3.0,4.0,4.16,137.51,0.08,0.4,0.63,0.23,36.87
Richard Rapport,154.95,0.62,6.87,10.0,6.0,160.6,0.36,2715.0,2720.0,475.0,5.0,5.0,7.32,17.12,0.91,4.71,-0.14,0.21,1.04,162.58,147.32,3.0,3.0,6.25,293.15,0.16,0.85,0.92,0.83,22.21
Kirill Shevchenko,154.9,0.34,35.31,10.0,4.5,160.3,0.04,2673.0,2494.0,455.0,5.0,5.0,3.92,12.91,0.55,90.06,-0.14,0.28,0.4,155.14,154.66,2.5,2.0,3.42,166.62,0.15,0.48,0.7,0.3,8110.14
Praggnanandhaa R,154.59,0.52,7.72,10.0,6.0,160.7,0.29,2750.0,2711.0,373.0,5.0,5.0,6.36,14.76,0.7,6.58,-0.16,0.26,0.78,161.28,147.9,3.5,2.5,5.19,217.75,0.17,0.63,0.8,0.49,43.33
Nijat Abasov,154.39,0.41,8.11,10.0,5.0,159.55,0.17,2626.0,2524.0,391.0,5.0,5.0,6.6,11.65,0.53,8.21,-0.17,0.36,0.46,157.32,151.46,2.5,2.5,4.08,135.79,0.11,0.39,0.63,0.28,67.33
Benjamin Gledura,153.9,0.47,28.49,10.0,7.0,161.3,0.05,2628.0,2690.0,428.0,6.0,4.0,4.57,19.7,0.75,66.78,-0.2,0.62,0.25,152.55,155.93,4.5,2.5,4.69,388.03,0.2,1.12,1.06,0.56,4459.26
Nodirbek Yakubboev,153.52,0.55,26.46,10.0,5.0,156.85,0.56,2666.0,2556.0,433.0,4.0,6.0,7.6,11.37,0.39,60.8,-0.22,0.63,0.5,150.6,155.47,2.5,2.5,5.52,129.29,-0.04,0.38,0.61,0.16,3696.23
Shamsiddin Vokhidov,152.99,0.69,62.36,10.0,7.0,158.2,0.56,2650.0,2687.0,485.0,4.0,6.0,8.4,13.56,0.65,117.09,-0.25,0.72,0.67,151.48,154.0,3.0,4.0,6.9,183.79,0.03,0.53,0.73,0.43,13710.98
Yagiz Kaan Erdogmus,152.75,0.59,76.36,10.0,7.0,158.6,0.58,2592.0,2603.0,436.0,5.0,5.0,10.12,10.67,0.39,142.61,-0.26,0.6,0.57,153.86,151.64,3.5,3.5,5.87,113.76,0.06,0.33,0.58,0.15,20338.49
Javokhir Sindarov,152.26,0.53,34.98,10.0,5.0,153.4,0.46,2677.0,2604.0,377.0,6.0,4.0,7.72,10.98,0.41,80.63,-0.29,0.46,0.62,157.0,145.15,4.0,1.0,5.28,120.48,-0.22,0.35,0.59,0.17,6501.81
Sanan Sjugirov,152.2,0.6,53.78,10.0,5.0,156.75,0.53,2644.0,2575.0,435.0,6.0,4.0,7.64,9.88,0.44,97.77,-0.29,0.38,0.92,158.08,143.38,3.5,1.5,5.97,97.59,-0.04,0.28,0.53,0.19,9559.6
Anish Giri,151.96,0.78,20.55,10.0,7.0,155.75,0.72,2724.0,2722.0,496.0,4.0,6.0,9.71,11.3,0.5,35.0,-0.3,0.77,0.79,155.57,149.55,3.5,3.5,7.8,127.78,-0.1,0.37,0.61,0.25,1224.93
Fabiano Caruana,151.86,0.7,-21.38,10.0,6.5,159.85,0.53,2798.0,2775.0,517.0,5.0,5.0,5.98,20.72,0.94,91.95,-0.31,0.85,0.55,148.72,155.0,3.5,3.0,7.02,429.15,0.12,1.25,1.12,0.88,8454.58
Ediz Gurel,150.96,0.74,46.03,10.0,8.0,157.8,0.57,2602.0,2726.0,412.0,5.0,5.0,7.58,13.49,0.74,117.46,-0.35,1.21,0.28,144.08,157.84,4.0,4.0,7.43,182.02,0.02,0.53,0.73,0.54,13795.76
Frode Olav Olsen Urkedal,150.59,0.63,8.74,10.0,6.0,153.0,0.54,2546.0,2519.0,479.0,5.0,5.0,9.19,11.83,0.61,8.46,-0.38,0.39,0.86,158.16,143.02,4.0,2.0,6.27,139.99,-0.24,0.41,0.64,0.37,71.54
Parham Maghsoodloo,149.42,0.77,38.44,10.0,5.5,159.15,0.6,2723.0,2682.0,478.0,6.0,4.0,9.18,18.8,0.81,92.34,-0.44,0.36,1.39,158.67,135.55,4.0,1.5,7.73,353.33,0.08,1.03,1.01,0.65,8526.17
Jaime Santos Latasa,149.41,0.7,54.69,10.0,6.5,157.7,0.76,2624.0,2552.0,492.0,5.0,5.0,10.24,17.51,0.59,142.61,-0.44,0.69,0.71,147.1,151.72,3.5,3.0,7.02,306.77,0.01,0.9,0.95,0.35,20337.98
Alexey Sarana,149.14,0.81,12.15,10.0,6.5,158.95,0.62,2713.0,2693.0,465.0,6.0,4.0,8.95,20.53,0.82,9.85,-0.45,0.46,1.33,158.8,134.65,4.5,2.0,8.09,421.5,0.08,1.22,1.11,0.67,97.04
Aleksandar Indjic,148.06,0.72,23.21,10.0,6.5,158.6,0.42,2611.0,2647.0,456.0,5.0,5.0,10.28,25.95,0.89,41.61,-0.51,0.99,0.44,140.84,155.28,3.0,3.5,7.17,673.44,0.06,1.95,1.4,0.79,1731.73
Vasyl Ivanchuk,147.79,0.75,49.04,10.0,5.5,145.65,0.86,2635.0,2599.0,405.0,5.0,5.0,10.64,10.94,0.47,122.25,-0.53,0.71,0.78,147.06,148.52,2.5,3.0,7.46,119.75,-0.64,0.35,0.59,0.22,14943.91
Johan-Sebastian Christiansen,143.02,0.89,70.69,10.0,5.5,157.9,0.64,2661.0,2580.0,471.0,5.0,5.0,15.58,25.83,0.78,128.6,-0.78,0.56,1.22,155.96,130.08,4.0,1.5,8.92,667.0,0.02,1.94,1.39,0.62,16536.88
Ngoc Truong Son Nguyen,162.77,0.15,5.83,9.0,6.0,162.5,0.07,2633.0,2732.0,324.0,4.0,5.0,5.07,2.86,0.18,3.41,0.28,0.08,0.2,162.93,162.64,2.0,4.0,1.34,8.2,0.27,0.02,0.16,0.03,11.63
Maxime Vachier-Lagrave,162.53,0.16,4.01,9.0,6.5,162.2,0.08,2731.0,2768.0,371.0,4.0,5.0,3.41,3.43,0.34,3.27,0.27,0.34,0.02,162.78,162.34,3.5,3.0,1.48,11.77,0.25,0.03,0.19,0.11,10.71
Rauf Mamedov,158.82,0.27,7.07,9.0,6.5,159.6,0.25,2637.0,2665.0,341.0,4.0,5.0,6.76,5.96,0.23,4.73,0.07,0.21,0.33,160.9,157.16,3.5,3.0,2.46,35.55,0.11,0.1,0.32,0.05,22.34
Xiangzhi Bu,158.21,0.22,5.56,9.0,5.0,161.8,0.05,2693.0,2601.0,338.0,3.0,6.0,3.21,11.2,0.48,7.4,0.04,0.01,0.33,162.0,156.32,1.5,3.5,2.01,125.48,0.23,0.36,0.6,0.23,54.71
Peter Leko,156.53,0.32,6.38,9.0,4.5,162.3,0.13,2666.0,2617.0,386.0,4.0,5.0,4.43,17.27,0.49,6.7,-0.06,0.2,0.42,162.22,151.98,2.5,2.0,2.87,298.35,0.26,0.87,0.93,0.24,44.88
Ruslan Ponomariov,156.19,0.41,7.21,9.0,5.5,159.8,0.29,2654.0,2657.0,389.0,4.0,5.0,5.94,9.03,0.42,4.2,-0.07,0.4,0.42,155.45,156.78,3.0,2.5,3.7,81.6,0.12,0.24,0.49,0.18,17.64
Frederik Svane,155.41,0.56,6.96,9.0,8.0,159.4,0.56,2640.0,2801.0,534.0,5.0,4.0,4.75,13.06,0.65,4.96,-0.12,0.73,0.34,152.16,159.48,4.5,3.5,5.03,170.53,0.1,0.49,0.7,0.42,24.62
Quang Liem Le,155.4,0.53,35.1,9.0,5.0,159.7,0.59,2741.0,2717.0,436.0,5.0,4.0,7.13,9.47,0.38,85.32,-0.12,0.56,0.48,150.8,161.15,2.0,3.0,4.74,89.6,0.11,0.26,0.51,0.15,7279.53
Leinier Dominguez Perez,155.33,0.38,36.07,9.0,5.5,161.0,0.41,2748.0,2650.0,393.0,4.0,5.0,2.88,12.65,0.36,88.97,-0.12,0.24,0.49,160.25,151.4,3.0,2.5,3.42,160.06,0.18,0.46,0.68,0.13,7916.13
Jan-Krzysztof Duda,155.23,0.55,8.24,9.0,5.5,159.2,0.51,2732.0,2683.0,410.0,4.0,5.0,7.36,10.37,0.47,6.42,-0.13,0.69,0.43,153.35,156.74,2.5,3.0,4.92,107.47,0.09,0.31,0.56,0.22,41.16
Michael Adams,154.62,0.43,8.33,9.0,6.0,159.8,0.04,2661.0,2637.0,383.0,5.0,4.0,5.05,16.77,0.68,8.61,-0.16,0.61,0.2,149.44,161.1,3.5,2.5,3.83,281.18,0.12,0.82,0.9,0.46,74.08
Anton Korobov,154.09,0.57,11.04,9.0,6.5,159.5,0.5,2650.0,2711.0,355.0,6.0,3.0,12.37,14.41,0.55,5.33,-0.19,0.67,0.37,155.32,151.63,5.0,1.5,5.16,207.61,0.11,0.6,0.78,0.3,28.44
Pouya Idani,153.87,0.45,47.14,9.0,6.0,158.3,0.37,2599.0,2608.0,445.0,4.0,5.0,5.5,13.9,0.47,91.06,-0.2,0.19,0.66,161.18,148.02,3.5,2.5,4.04,193.19,0.04,0.56,0.75,0.23,8291.11
Aryan Tari,153.11,0.4,3.49,9.0,4.5,159.9,0.27,2642.0,2488.0,421.0,5.0,4.0,7.03,13.94,0.47,85.36,-0.24,0.26,0.58,158.68,146.15,2.5,2.0,3.64,194.45,0.13,0.56,0.75,0.22,7286.41
Dmitrij Kollars,152.09,0.52,8.71,9.0,4.0,157.9,0.41,2659.0,2475.0,450.0,4.0,5.0,7.64,15.66,0.54,8.35,-0.3,0.79,0.3,142.9,159.44,1.5,2.5,4.69,245.26,0.02,0.71,0.85,0.29,69.67
Vincent Keymer,151.68,0.56,104.65,9.0,5.5,160.7,0.48,2730.0,2643.0,411.0,4.0,5.0,12.28,15.54,0.59,145.97,-0.32,0.45,0.65,160.62,144.52,4.0,1.5,5.06,241.58,0.17,0.7,0.84,0.35,21307.58
Alan Pichot,150.66,0.72,9.2,9.0,7.0,159.4,0.27,2628.0,2701.0,415.0,4.0,5.0,7.76,20.58,0.9,7.48,-0.37,1.18,0.35,142.0,157.58,4.0,3.0,6.45,423.5,0.1,1.23,1.11,0.81,55.93
Radoslaw Wojtaszek,149.71,0.71,11.2,9.0,5.0,154.6,0.7,2681.0,2601.0,348.0,5.0,4.0,12.05,12.17,0.52,7.76,-0.42,0.64,0.8,147.98,151.88,2.5,2.5,6.39,148.16,-0.16,0.43,0.66,0.27,60.28
Jorden Van Foreest,149.34,0.74,12.33,9.0,6.5,158.9,0.43,2696.0,2710.0,402.0,5.0,4.0,9.38,18.58,0.78,8.24,-0.44,0.91,0.53,144.18,155.8,3.0,3.5,6.66,345.28,0.07,1.01,1.0,0.6,67.92
Marc`Andria Maurizzi,148.03,0.7,22.74,9.0,5.5,159.2,0.41,2595.0,2566.0,421.0,4.0,5.0,5.16,19.89,0.77,43.04,-0.51,0.51,0.85,150.68,145.92,2.0,3.5,6.29,395.63,0.09,1.15,1.07,0.59,1852.19
Tuan Minh Tran,140.93,0.98,13.34,9.0,4.0,143.1,0.74,2434.0,2447.0,421.0,4.0,5.0,11.39,17.69,0.64,7.46,-0.9,1.24,0.78,135.15,145.56,2.0,2.0,8.84,313.05,-0.78,0.91,0.95,0.42,55.59
Alexandr Predke,137.98,1.37,10.31,9.0,5.0,141.4,1.52,2671.0,2680.0,630.0,4.0,5.0,11.9,25.41,1.13,8.67,-1.06,1.51,1.26,128.5,145.56,1.0,4.0,12.34,645.6,-0.87,1.87,1.37,1.27,75.18
Nikita Vitiugov,157.24,0.3,5.92,8.0,3.5,158.7,0.13,2676.0,2558.0,373.0,4.0,4.0,4.43,6.71,0.33,6.54,-0.02,0.4,0.2,159.0,155.48,2.5,1.0,2.38,45.03,0.06,0.13,0.36,0.11,42.79
Shakhriyar Mamedyarov,157.07,0.58,9.37,8.0,6.0,157.75,0.55,2733.0,2673.0,376.0,6.0,2.0,7.74,4.28,0.46,5.62,-0.02,0.66,0.37,156.87,157.7,5.0,1.0,4.68,18.29,0.02,0.05,0.23,0.21,31.57
Gawain C B Jones,155.94,0.5,6.01,8.0,5.0,158.45,0.44,2646.0,2594.0,429.0,4.0,4.0,6.95,7.09,0.31,2.95,-0.09,0.28,0.72,159.0,152.88,2.0,3.0,4.0,50.29,0.04,0.15,0.38,0.1,8.69
Etienne Bacrot,155.85,0.28,11.27,8.0,4.5,160.95,0.13,2665.0,2574.0,403.0,5.0,3.0,4.21,15.89,0.43,17.2,-0.09,0.17,0.46,161.26,146.83,3.5,1.0,2.24,252.59,0.18,0.73,0.86,0.19,295.78
Vladimir Fedoseev,154.26,0.51,12.54,8.0,5.0,160.1,0.51,2692.0,2712.0,351.0,5.0,3.0,12.62,15.85,0.42,7.43,-0.18,0.58,0.4,149.38,162.4,2.0,3.0,4.09,251.09,0.14,0.73,0.85,0.17,55.15
Gabriel Sargissian,153.7,0.48,9.0,8.0,4.0,159.5,0.4,2646.0,2585.0,372.0,3.0,5.0,8.08,11.86,0.46,6.83,-0.21,0.61,0.4,159.2,150.4,2.5,1.5,3.83,140.57,0.11,0.41,0.64,0.22,46.7
Volodymyr Onyshchuk,153.56,0.44,32.22,8.0,5.0,159.5,0.28,2610.0,2575.0,377.0,3.0,5.0,7.44,14.85,0.49,72.46,-0.22,0.78,0.24,146.17,158.0,2.0,3.0,3.56,220.66,0.11,0.64,0.8,0.24,5250.56
Liren Ding,153.44,0.54,9.01,8.0,3.5,160.85,0.21,2736.0,2663.0,320.0,5.0,3.0,6.02,13.29,0.56,6.01,-0.22,0.53,0.56,152.58,154.87,2.0,1.5,4.33,176.74,0.18,0.51,0.71,0.32,36.17
Luke J McShane,152.93,0.44,10.15,8.0,4.0,158.3,0.26,2611.0,2462.0,324.0,4.0,4.0,7.5,10.82,0.5,9.07,-0.25,0.3,0.59,156.48,149.38,2.0,2.0,3.53,117.08,0.04,0.34,0.58,0.25,82.34
Magnus Carlsen,152.65,0.68,10.18,8.0,6.0,160.65,0.5,2832.0,2808.0,390.0,4.0,4.0,7.5,19.15,0.78,8.71,-0.27,0.96,0.42,143.5,161.8,2.5,3.5,5.48,366.88,0.16,1.07,1.03,0.61,75.78
Robert Hovhannisyan,152.54,0.53,29.23,8.0,4.5,155.4,0.57,2619.0,2530.0,351.0,5.0,3.0,15.98,10.58,0.5,36.11,-0.27,0.63,0.36,148.86,158.67,2.5,2.0,4.24,111.92,-0.12,0.33,0.57,0.25,1303.87
Kacper Piorun,150.88,0.65,11.88,8.0,5.0,154.9,0.78,2599.0,2602.0,371.0,4.0,4.0,12.82,12.95,0.46,5.01,-0.36,0.92,0.37,145.12,156.62,2.0,3.0,5.19,167.79,-0.14,0.49,0.7,0.21,25.08
Szymon Gumularz,150.88,0.52,19.01,8.0,5.0,158.45,0.45,2571.0,2554.0,347.0,4.0,4.0,6.84,14.42,0.56,34.74,-0.36,0.48,0.55,150.1,151.65,3.0,2.0,4.13,207.81,0.04,0.61,0.78,0.31,1206.95
Alexei Shirov,149.72,0.65,10.28,8.0,3.5,153.05,0.66,2666.0,2571.0,361.0,4.0,4.0,7.7,15.01,0.46,9.66,-0.42,0.73,0.57,153.98,145.48,2.5,1.0,5.22,225.26,-0.24,0.65,0.81,0.21,93.23
Erwin L'Ami,148.01,0.51,38.88,8.0,3.5,157.65,0.42,2628.0,2416.0,369.0,3.0,5.0,13.3,18.91,0.51,80.42,-0.52,0.59,0.46,145.03,149.8,1.0,2.5,4.07,357.66,0.0,1.04,1.02,0.26,6467.19
Mustafa Yilmaz,145.5,0.72,12.48,8.0,2.5,147.5,0.63,2587.0,2438.0,458.0,4.0,4.0,13.48,16.7,0.55,9.6,-0.65,0.82,0.62,147.2,143.8,2.0,0.5,5.75,278.78,-0.55,0.81,0.9,0.3,92.25
Constantin Lupulescu,143.6,0.77,7.53,8.0,4.0,157.85,0.28,2590.0,2438.0,441.0,4.0,4.0,8.14,25.29,0.93,4.8,-0.75,0.37,1.16,154.18,133.02,2.5,1.5,6.13,639.5,0.02,1.86,1.36,0.86,23.01
Andrei Volokitin,142.66,0.88,13.36,8.0,3.5,150.45,0.68,2660.0,2535.0,372.0,4.0,4.0,14.43,28.1,1.0,9.1,-0.8,1.18,0.58,135.1,150.22,2.0,1.5,7.02,789.37,-0.38,2.29,1.51,1.01,82.73
Nikolas Theodorou,142.14,1.08,23.98,8.0,5.0,146.75,1.2,2619.0,2613.0,386.0,4.0,4.0,15.68,19.11,0.7,24.62,-0.83,1.08,1.09,143.05,141.22,2.5,2.5,8.68,365.13,-0.58,1.06,1.03,0.49,606.33
Baadur Jobava,141.8,0.91,47.05,8.0,3.5,145.2,0.82,2582.0,2513.0,452.0,2.0,6.0,10.98,17.71,0.66,115.63,-0.85,0.26,1.13,162.3,134.97,1.5,2.0,7.3,313.51,-0.67,0.91,0.95,0.44,13371.41
Shawn Rodrigue-Lemieux,141.7,0.95,52.44,8.0,4.0,140.15,0.84,2509.0,2592.0,375.0,3.0,5.0,19.22,16.25,0.73,140.16,-0.86,1.4,0.68,137.37,144.3,2.5,1.5,7.61,264.19,-0.94,0.77,0.87,0.54,19644.29
Max Warmerdam,134.19,1.11,17.45,8.0,3.5,131.95,1.28,2679.0,2422.0,357.0,5.0,3.0,18.27,18.94,0.56,8.7,-1.26,0.95,1.36,141.32,122.3,3.0,0.5,8.85,358.66,-1.38,1.04,1.02,0.32,75.75
David Navara,161.36,0.19,53.29,7.0,5.5,162.8,0.04,2681.0,2743.0,283.0,4.0,3.0,3.5,3.15,0.39,92.02,0.2,0.31,0.03,161.57,161.07,3.5,2.0,1.33,9.93,0.28,0.03,0.17,0.15,8468.55
Yue Wang,160.24,0.26,4.19,7.0,5.0,159.7,0.11,2637.0,2643.0,274.0,4.0,3.0,5.29,2.07,0.34,2.4,0.15,0.12,0.44,160.95,159.3,2.5,2.5,1.79,4.29,0.12,0.01,0.11,0.12,5.78
Ivan Cheparinov,156.61,0.34,6.31,7.0,5.0,160.6,0.12,2628.0,2669.0,282.0,4.0,3.0,4.84,12.6,0.55,4.85,-0.05,0.46,0.18,152.85,161.63,2.5,2.5,2.36,158.81,0.17,0.47,0.68,0.31,23.53
Jan Subelj,156.33,0.31,33.48,7.0,3.5,160.5,0.02,2498.0,2572.0,264.0,4.0,3.0,3.41,10.95,0.48,78.69,-0.07,0.48,0.08,152.82,161.0,1.0,2.5,2.16,120.0,0.16,0.35,0.59,0.23,6191.36
Martin Petrov,155.99,0.39,13.01,7.0,4.5,157.8,0.52,2536.0,2541.0,291.0,4.0,3.0,14.7,5.16,0.43,8.45,-0.09,0.53,0.21,153.78,158.93,2.5,2.0,2.73,26.67,0.01,0.08,0.28,0.19,71.45
Tamir Nabaty,155.74,0.24,6.97,7.0,5.5,160.2,0.09,2630.0,2627.0,251.0,4.0,3.0,6.29,12.12,0.36,5.77,-0.1,0.04,0.51,162.9,146.2,4.0,1.5,1.7,146.95,0.14,0.43,0.65,0.13,33.24
Razvan Preotu,153.0,0.67,42.51,7.0,5.5,158.6,0.3,2451.0,2711.0,311.0,5.0,2.0,11.43,12.31,0.67,58.89,-0.25,0.92,0.03,150.4,159.5,4.5,1.0,4.68,151.47,0.06,0.44,0.67,0.44,3468.54
Luka Paichadze,152.9,0.79,38.65,7.0,5.0,156.6,0.82,2516.0,2751.0,347.0,6.0,1.0,10.87,14.53,0.63,75.2,-0.25,0.82,0.6,152.57,154.9,4.5,0.5,5.54,211.2,-0.05,0.61,0.78,0.4,5654.83
Momchil Petkov,152.46,0.32,7.83,7.0,4.0,158.8,0.2,2540.0,2470.0,282.0,3.0,4.0,5.52,14.42,0.36,6.06,-0.28,0.48,0.2,146.87,156.65,2.0,2.0,2.25,208.0,0.07,0.6,0.78,0.13,36.67
Emre Can,150.99,0.73,11.94,7.0,5.5,157.8,0.68,2547.0,2573.0,299.0,5.0,2.0,10.4,13.73,0.46,10.67,-0.35,0.81,0.53,148.16,158.05,3.5,2.0,5.12,188.61,0.01,0.55,0.74,0.22,113.77
Diego Flores,150.26,0.67,28.21,7.0,4.5,152.0,0.71,2546.0,2624.0,326.0,3.0,4.0,11.34,13.01,0.57,44.28,-0.39,0.43,0.86,155.0,146.7,1.5,3.0,4.72,169.23,-0.3,0.49,0.7,0.33,1960.69
Laurent Fressinet,148.43,0.68,9.66,7.0,4.5,159.2,0.37,2616.0,2584.0,301.0,2.0,5.0,8.37,29.61,1.02,9.49,-0.49,0.4,0.79,155.8,145.48,1.0,3.5,4.74,876.99,0.09,2.55,1.6,1.03,90.09
Maxime Lagarde,147.43,0.66,49.91,7.0,4.0,158.0,0.73,2598.0,2483.0,264.0,5.0,2.0,11.47,15.86,0.53,101.82,-0.55,0.88,0.12,142.84,158.9,2.5,1.5,4.65,251.54,0.03,0.73,0.86,0.29,10367.15
Tomas Sosa,147.39,0.7,35.52,7.0,4.0,150.6,0.71,2515.0,2545.0,347.0,4.0,3.0,11.64,12.57,0.57,63.82,-0.55,0.37,1.13,154.48,137.93,3.0,1.0,4.87,158.1,-0.37,0.46,0.68,0.32,4073.37
Maxim Rodshtein,146.77,0.86,10.58,7.0,5.0,151.2,1.2,2600.0,2662.0,332.0,4.0,3.0,10.36,15.88,0.76,5.59,-0.58,0.87,0.85,146.07,147.7,3.0,2.0,6.04,252.21,-0.35,0.73,0.86,0.58,31.3
Arkadij Naiditsch,144.67,0.7,48.26,7.0,3.5,144.9,0.6,2643.0,2512.0,332.0,3.0,4.0,9.64,17.39,0.56,95.43,-0.7,0.56,0.8,145.23,144.25,1.5,2.0,4.88,302.47,-0.69,0.88,0.94,0.31,9107.51
David W L Howell,143.7,0.88,32.36,7.0,3.5,157.9,0.85,2677.0,2551.0,467.0,3.0,4.0,3.8,25.56,1.09,94.44,-0.75,0.68,1.03,153.47,136.38,1.5,2.0,6.17,653.09,0.02,1.9,1.38,1.19,8919.04
Fernando Peralta,143.53,0.66,35.62,7.0,2.0,146.6,0.59,2558.0,2449.0,267.0,3.0,4.0,9.08,20.75,0.72,68.02,-0.76,1.13,0.31,130.0,153.68,0.0,2.0,4.63,430.36,-0.59,1.25,1.12,0.52,4627.12
Ido Gorshtein,143.0,0.7,15.35,7.0,3.5,158.2,0.53,2543.0,2421.0,367.0,3.0,4.0,15.49,23.42,0.56,11.49,-0.79,0.69,0.7,145.53,141.1,2.0,1.5,4.87,548.4,0.03,1.59,1.26,0.31,132.03
Anton Demchenko,142.63,0.98,13.32,7.0,3.5,147.4,0.93,2597.0,2585.0,460.0,3.0,4.0,15.64,21.34,0.68,7.13,-0.81,1.41,0.65,136.4,147.3,2.5,1.0,6.85,455.58,-0.55,1.33,1.15,0.46,50.81
Andreas Kelires,141.89,0.77,38.42,7.0,3.5,146.0,0.76,2536.0,2402.0,351.0,4.0,3.0,17.94,18.86,0.63,74.1,-0.85,0.53,1.09,150.7,130.13,3.0,0.5,5.39,355.51,-0.62,1.03,1.02,0.39,5490.68
Stamatis Kourkoulos-Arditis,136.67,1.21,12.99,7.0,4.5,144.6,0.68,2570.0,2532.0,325.0,3.0,4.0,11.44,37.03,1.09,7.67,-1.13,1.55,0.96,123.3,146.7,2.0,2.5,8.48,1371.16,-0.7,3.99,2.0,1.18,58.76
Alexander Donchenko,134.96,1.15,43.23,7.0,4.5,147.3,1.29,2638.0,2504.0,405.0,3.0,4.0,8.88,28.33,0.86,84.45,-1.22,0.98,1.28,138.8,132.07,2.0,2.5,8.06,802.75,-0.56,2.33,1.53,0.73,7131.8