Player,avg_gi,avg_missed_points,total_game_count,Points,gi_median,missed_points_median,Elo,TPR,total_moves,White_games,Black_games,gi_std,missed_points_std,avg_missed_points_white,avg_missed_points_black,avg_gi_white,avg_gi_black,white_result_sum,black_result_sum,gi_var,missed_points_var
Magnus Carlsen,157.65,0.53,13,9.5,162.8,0.2,2890,2874,507,7,6,12.18,0.65,0.67,0.37,154.6,161.2,5.5,4,148.44,0.43
Fabiano Caruana,157.3,0.62,13,9.5,162.5,0.54,2796,2879,455,6,7,16.34,0.68,0.48,0.75,160.62,154.46,4.5,5,267.12,0.47
Alireza Firouzja,155.68,0.72,13,9.5,160.1,0.42,2871,2881,467,7,6,11.33,0.73,0.98,0.42,151.4,160.67,5,4.5,128.29,0.53
Ian Nepomniachtchi,154.15,0.78,13,9.5,152.3,1.12,2770,2858,440,7,6,10.02,0.66,0.95,0.59,152.34,156.25,5.5,4,100.46,0.44
Volodar Murzin,153.59,0.65,13,9.5,160.8,0.31,2629,2795,484,7,6,22.29,0.94,0.58,0.73,155.11,151.82,6,3.5,496.67,0.88
Wesley So,149.94,0.91,13,9.5,159.2,0.75,2803,2858,539,7,6,18.27,0.84,1.17,0.61,146.04,154.48,5.5,4,333.9,0.71
Daniil Dubov,143.98,1.05,12,9.5,160.85,0.7,2784,2847,505,6,6,29.63,1.13,0.4,1.71,158.2,129.75,4,5.5,878.02,1.28
Daniel Naroditsky,129.13,1.55,13,9.5,137.1,1.7,2711,2748,617,6,7,39.75,1.25,1.78,1.36,123.02,134.37,4.5,5,1579.74,1.56
Mykola Bortnyk,140.18,1.16,13,9,143.9,1.42,2616,2717,652,7,6,20.15,0.82,0.96,1.39,148.79,130.15,6,3,406.06,0.67
Olexandr Bortnyk,139.42,1.23,13,9,143.3,0.94,2762,2726,638,7,6,23.48,0.81,1.21,1.26,138.43,140.57,4.5,4.5,551.27,0.66
Haik M. Martirosyan,132.82,1.3,13,9,134.8,0.83,2692,2655,670,7,6,31.51,0.98,1.04,1.6,144.86,118.77,6.5,2.5,992.75,0.97
Levon Aronian,150.55,0.91,13,8.5,157.9,0.73,2737,2805,492,6,7,16.62,0.87,0.98,0.85,148.35,152.43,4.5,4,276.31,0.76
Leinier Dominguez Perez,149.96,0.76,13,8.5,151.5,0.82,2656,2701,650,7,6,14.41,0.64,0.71,0.81,152.46,147.05,5.5,3,207.59,0.41
Benjamin Bok,147.11,0.84,13,8.5,153.6,0.74,2627,2698,601,6,7,19.37,0.68,0.66,1,152.83,142.2,4.5,4,375.1,0.47
Shanglei Lu,146.93,0.88,13,8.5,152.4,0.66,2648,2663,644,6,7,15.88,0.83,1.02,0.76,146.95,146.91,4,4.5,252.08,0.69
Tuan Minh Le,146.8,0.88,13,8.5,158,0.83,2532,2678,653,6,7,21.14,0.76,1.39,0.44,131.42,159.99,2,6.5,446.91,0.58
Praggnanandhaa R,146.68,0.86,13,8.5,157.6,0.74,2716,2713,699,7,6,19.44,0.9,0.94,0.78,144.87,148.78,4,4.5,377.9,0.81
Mikhail Al. Antipov,146.52,0.92,13,8.5,158.7,0.68,2545,2757,587,7,6,20.4,1,0.77,1.1,152.2,139.88,5,3.5,416.33,1.01
Aleksandr Lenderman,146.23,0.83,13,8.5,158.8,0.62,2582,2678,795,7,6,28.4,0.81,1.1,0.52,137.4,156.53,4.5,4,806.41,0.66
Jan-Krzysztof Duda,144.05,1.28,12,8.5,150.65,1.01,2776,2823,654,6,6,16.59,0.65,1.15,1.42,148.78,139.32,5,3.5,275.11,0.43
Hans Moke Niemann,140.69,1.26,12,8.5,146.9,1.16,2709,2828,549,6,6,29.64,1.2,1.18,1.35,143.73,137.65,4.5,4,878.62,1.45
Denis Lazavik,139.31,1.11,13,8.5,152.7,0.78,2610,2644,579,7,6,34.93,1.13,1.42,0.74,133.5,146.08,5,3.5,1219.94,1.28
Alexander Grischuk,137.63,1.25,13,8.5,143.3,1.38,2684,2688,604,7,6,26.78,1.06,0.64,1.96,150.46,122.67,5,3.5,716.93,1.13
Hikaru Nakamura,135.38,1.27,13,8.5,135.5,1.38,2860,2692,692,7,6,24.07,0.95,1.11,1.46,138.77,131.42,5,3.5,579.45,0.91
Aydin Suleymanli,134.68,1.22,13,8.5,153.8,1.01,2593,2583,663,6,7,34.2,1.03,1.48,1.01,128.08,140.33,4,4.5,1169.93,1.06
Grigoriy Oparin,134.54,1.34,13,8.5,144,1.1,2659,2635,674,7,6,32.25,1.19,1,1.74,143.97,123.53,4.5,4,1039.93,1.42
Kazybek Nogerbek,134.11,1.57,13,8.5,134.7,1.35,2511,2784,715,6,7,24.28,1.09,1.29,1.8,136.58,131.99,3,5.5,589.68,1.19
Samuel Sevian,121.98,1.8,13,8.5,130.1,1.92,2693,2728,678,7,6,38.48,1.47,1.47,2.19,130.36,112.22,4,4.5,1480.9,2.16
Semyon Lomasov,147.98,0.79,13,8,158.2,0.56,2445,2673,629,6,7,21.1,0.74,0.64,0.92,150.53,145.79,3.5,4.5,445.01,0.55
Javokhir Sindarov,144.75,0.92,13,8,157.9,0.78,2628,2615,602,7,6,23.68,0.91,1.1,0.71,137.17,153.58,3,5,560.69,0.83
Jeffery Xiong,142.46,0.92,13,8,160.4,0.54,2707,2676,672,7,6,32.03,1.1,0.7,1.17,148.51,135.4,5,3,1026.01,1.2
Nodirbek Abdusattorov,142.44,1.04,13,8,146.5,0.68,2707,2622,685,6,7,19.18,0.85,1.21,0.9,143.98,141.11,5,3,368.06,0.73
Rasmus Svane,140.31,1.04,13,8,147.5,1.07,2597,2594,591,7,6,23.47,0.86,1.15,0.91,139.1,141.72,5,3,550.61,0.74
Eltaj Safarli,140.18,1.02,13,8,151.3,0.74,2644,2568,681,7,6,23.21,1.02,1.27,0.72,136.83,144.08,5.5,2.5,538.77,1.05
Anish Giri,138.38,1.16,13,8,139.9,1,2659,2676,706,6,7,27.71,1,1.25,1.09,141.1,136.04,4.5,3.5,767.87,0.99
Andy Woodward,135.1,1.29,13,8,140.9,1.29,2353,2681,646,6,7,22.38,0.87,1.3,1.28,135.35,134.89,3.5,4.5,500.94,0.75
Shamsiddin Vokhidov,134.69,1.26,13,8,133.5,1.16,2593,2594,595,7,6,20.59,0.74,1.26,1.27,137.34,131.6,5.5,2.5,423.93,0.55
Jorden Van Foreest,134.58,1.06,13,8,157.4,1,2599,2576,710,6,7,37.59,1.07,1.6,0.6,119.13,147.83,2.5,5.5,1412.8,1.15
A.R. Saleh Salem,133.38,1.23,13,8,143.4,1.13,2674,2587,634,6,7,33.04,0.95,1.41,1.07,132.53,134.1,4.5,3.5,1091.47,0.91
Rudik Makarian,131.77,1.46,13,8,142.9,1.24,2581,2639,757,6,7,33.45,1.19,1.22,1.66,142.93,122.2,5,3,1118.62,1.41
Daniel Dardha,131.02,1.43,13,8,127,1.59,2563,2616,713,6,7,26.57,1.08,1.05,1.75,136.83,126.04,3.5,4.5,706.23,1.18
Alexander Donchenko,126.52,1.45,13,8,123.2,1.32,2586,2528,685,7,6,31.99,0.9,1.25,1.68,130.87,121.45,4,4,1023.44,0.81
Raunak Sadhwani,123.98,1.67,13,8,137.5,1.64,2663,2634,638,7,6,45.2,1.26,1.82,1.48,121.79,126.53,4.5,3.5,2042.62,1.59
Robby Kevlishvili,146.25,0.83,13,7.5,159,0.52,2590,2662,576,7,6,26.17,0.96,0.41,1.31,157.91,132.63,5,2.5,684.71,0.91
Matthias Bluebaum,141.88,0.89,13,7.5,153.9,0.63,2621,2569,672,6,7,22.26,0.95,1.24,0.6,130.9,151.29,2.5,5,495.34,0.9
Vugar Rasulov,139.16,0.99,13,7.5,143.8,0.9,2511,2429,690,7,6,26.38,0.61,0.74,1.28,149.33,127.3,5,2.5,695.76,0.38
Awonder Liang,138.73,1.19,13,7.5,154.6,1.11,2527,2688,538,6,7,27.51,0.97,0.92,1.42,146.85,131.77,3.5,4,756.75,0.95
Ivan Zemlyanskii,137.85,1.16,13,7.5,141,1.18,2545,2566,624,7,6,20.7,0.72,1.23,1.08,138.7,136.87,5,2.5,428.56,0.52
Elham Amar,137.82,1.19,13,7.5,145.9,1.11,2538,2637,625,7,6,26.79,0.95,0.74,1.72,148.04,125.88,4.5,3,717.68,0.9
Johan-Sebastian Christiansen,137.58,1.18,13,7.5,144.6,0.86,2560,2652,568,7,6,29.16,1.23,0.55,1.91,151.56,121.27,5,2.5,850.31,1.5
Boris Gelfand,136.38,1.33,13,7.5,142.8,1.26,2583,2701,772,7,6,29.8,1.32,1.1,1.59,142.14,129.67,5,2.5,888.25,1.74
Maxime Vachier-Lagrave,136.33,1.1,13,7.5,141.9,0.75,2776,2595,587,7,6,30.72,1.07,1.26,0.92,134.53,138.43,5,2.5,943.93,1.15
Alexey Sarana,134.77,1.41,13,7.5,135.5,1.08,2689,2631,788,6,7,23.77,0.81,1.74,1.12,128.65,140.01,4.5,3,565.2,0.66
Yi Wei,134.07,1.45,13,7.5,129.1,1.24,2719,2668,567,6,7,20.12,0.82,1.12,1.74,142.38,126.94,4.5,3,404.96,0.67
Shakhriyar Mamedyarov,133.78,1.26,13,7.5,136.4,1.19,2705,2602,496,7,6,23.56,0.82,1.65,0.81,126.04,142.82,4,3.5,554.85,0.68
Jakhongir Vakhidov,130.93,1.38,13,7.5,121.7,1.5,2546,2582,711,7,6,21.52,0.89,1.31,1.45,133.7,127.7,4.5,3,463.18,0.79
Lorenzo Lodici,130.42,1.6,13,7.5,142.7,0.9,2464,2706,722,7,6,33.08,1.26,1.11,2.16,143.29,115.4,4.5,3,1094.1,1.58
Alan Pichot,129.72,1.32,13,7.5,141.3,1.1,2531,2589,583,6,7,42.19,1.41,1.1,1.51,137.62,122.94,4,3.5,1780.38,2
Fidel Corrales Jimenez,129.09,1.48,13,7.5,143.2,1.55,2527,2641,639,6,7,41.88,1.27,1.54,1.42,123.68,133.73,4,3.5,1754.13,1.6
Aryan Tari,127.61,1.4,13,7.5,139.8,1.26,2587,2543,698,6,7,32.27,1.2,0.85,1.87,143.98,113.57,3,4.5,1041.39,1.43
Aleksandar Indjic,126.45,1.45,13,7.5,121.4,1.37,2670,2579,763,6,7,34.94,1.04,2.02,0.97,107.13,143.01,2,5.5,1220.69,1.08
Maxim Dlugy,124.33,1.67,13,7.5,144.2,1.25,2560,2558,822,6,7,44.7,1.54,1.58,1.76,127.2,121.87,3,4.5,1998.08,2.37
Abhimanyu Mishra,119.98,1.79,13,7.5,135.1,1.82,2452,2615,824,7,6,35.91,1.16,2.36,1.11,104.19,138.42,3,4.5,1289.47,1.35
Xiangzhi Bu,144.74,0.87,13,7,152.2,0.74,2760,2590,646,6,7,18.59,0.78,1.18,0.59,140.73,148.17,4,3,345.59,0.61
David Paravyan,142.04,0.86,13,7,140.3,1.06,2587,2489,641,7,6,17.87,0.69,0.96,0.75,140.61,143.7,4,3,319.23,0.48
Andrey Esipenko,140.42,0.97,13,7,158.2,0.62,2608,2573,581,6,7,26.58,0.97,0.91,1.01,141.22,139.73,3.5,3.5,706.31,0.94
Sam Shankland,138.36,1.18,13,7,146,1.02,2657,2638,600,6,7,27.64,0.96,1.22,1.15,144.2,133.36,4.5,2.5,763.86,0.93
Erigaisi Arjun,137.76,1.23,13,7,144.9,0.98,2749,2680,616,7,6,27.1,0.9,1.22,1.25,139.16,136.13,4,3,734.38,0.82
Chithambaram VR. Aravindh,134.26,1.33,13,7,144.2,1.03,2618,2638,666,7,6,26.38,0.93,1.22,1.46,135.53,132.78,4.5,2.5,695.81,0.86
Bogdan-Daniel Deac,134.18,1.12,13,7,145.8,1.03,2637,2504,691,7,6,33.57,0.9,0.82,1.47,135.83,132.25,2.5,4.5,1127.24,0.82
Luca Jr Moroni,131.8,1.41,13,7,133.2,1.03,2532,2557,554,6,7,28.68,1.01,1.26,1.54,140.45,124.39,6,1,822.55,1.03
Ray Robson,129.82,1.26,13,7,152.3,1.11,2656,2442,587,6,7,45.63,1.31,0.64,1.79,147.87,114.36,3.5,3.5,2081.93,1.73
Vasif Durarbayli,129.38,1.33,13,7,137,1.42,2577,2531,732,7,6,30.85,0.88,0.97,1.74,138.64,118.58,5,2,951.78,0.78
Frederik Svane,129.23,1.57,13,7,133.4,1.24,2502,2601,553,7,6,25.99,1.06,1.41,1.74,134.93,122.58,4,3,675.65,1.13
Read Samadov,129.2,1.39,13,7,152.3,0.93,2404,2583,682,7,6,40.07,1.14,1.46,1.3,128.11,130.47,4,3,1605.77,1.3
Vuk Damjanovic,128.25,1.51,13,7,139.5,1.42,2447,2546,794,7,6,32.24,1.18,1.6,1.39,120.77,136.98,3,4,1039.46,1.39
Andrew Tang,125.78,1.51,13,7,135.8,1.36,2586,2599,726,6,7,47.36,1.58,1.76,1.3,121.47,129.47,4.5,2.5,2243.17,2.5
V Pranav,125.3,1.68,13,7,139.9,1.11,2572,2669,668,7,6,44.11,1.62,0.9,2.59,146.64,100.4,3.5,3.5,1946.1,2.64
Vasyl Ivanchuk,124.32,1.58,13,7,132.9,1.22,2651,2595,632,7,6,34.18,1.22,1.8,1.32,119.41,130.05,4.5,2.5,1168.04,1.48
Andrew Hong,120.79,1.85,13,7,123.6,1.76,2469,2609,751,6,7,25.39,0.88,1.85,1.86,120.43,121.1,2.5,4.5,644.65,0.77
Gleb Dudin,120.23,1.85,13,7,144.2,1.47,2371,2638,675,6,7,52.14,1.59,2.8,1.03,92.33,144.14,3,4,2718.3,2.54
Aleksandr Shimanov,120.22,1.59,13,7,148.6,0.86,2623,2533,555,6,7,54.69,1.53,1.58,1.6,120.62,119.87,4,3,2990.94,2.35
Denis Kadric,116.34,1.84,13,7,108.7,1.8,2583,2479,654,6,7,36.8,1.15,2.03,1.67,112.7,119.46,4,3,1354.53,1.33
Tigran L. Petrosian,115.21,1.76,13,7,130.1,1.27,2593,2455,710,7,6,47.89,1.56,1.05,2.58,133.13,94.3,3,4,2293.81,2.44
Brewington Hardaway,139.78,0.98,13,6.5,151,0.89,2394,2580,707,7,6,25.8,0.79,0.86,1.11,145.36,133.27,5,1.5,665.66,0.62
Georg Meier,137.55,1.04,13,6.5,150.4,0.77,2533,2533,598,6,7,34.44,1.07,0.91,1.15,144.5,131.59,3,3.5,1186.22,1.14
Robert Hovhannisyan,135.64,1.01,13,6.5,141.9,0.85,2585,2509,736,7,6,26.12,0.83,0.8,1.24,140.39,130.1,5,1.5,682.41,0.68
Merab Gagunashvili,135.37,1.12,13,6.5,143,0.86,2532,2470,675,7,6,25.85,0.83,1.39,0.8,130.21,141.38,4.5,2,668.06,0.69
Edgar Mamedov,133.17,1.24,13,6.5,143.9,1.09,2411,2573,597,6,7,28.98,1.02,0.9,1.53,147.87,120.57,4.5,2,839.93,1.04
Andrei Macovei,131.5,1.26,13,6.5,127.9,1.26,2444,2539,695,6,7,29.36,0.91,1.14,1.37,139.8,124.39,4.5,2,862.23,0.82
Yangyi Yu,130.77,1.21,13,6.5,139.2,0.88,2728,2524,739,7,6,31.97,0.93,1.23,1.19,129.71,132,3.5,3,1021.86,0.87
Brandon Jacobson,129.8,1.46,13,6.5,137.5,1.23,2482,2589,696,6,7,33.3,1.12,1.55,1.38,135.1,125.26,5,1.5,1109.03,1.26
Jose Carlos Ibarra Jerez,129.73,1.17,13,6.5,130.5,1.22,2640,2463,427,6,7,29.14,0.84,0.98,1.34,136.08,124.29,3.5,3,849.25,0.71
Nderim Saraci,128.79,1.47,13,6.5,127.8,1.22,2518,2519,700,6,7,20.64,0.74,1.49,1.45,129.23,128.41,4.5,2,425.88,0.55
Isik Can,128.48,1.39,13,6.5,128.7,1.03,2374,2585,711,7,6,37.68,1.33,1.11,1.72,137.97,117.4,4.5,2,1419.59,1.76
Rinat Jumabayev,126.62,1.58,13,6.5,143.8,0.79,2507,2606,599,6,7,34.53,1.43,1.49,1.65,131.37,122.56,4.5,2,1192.56,2.05
Quang Liem Le,125.35,1.51,13,6.5,131.5,1.52,2705,2546,710,6,7,31.67,0.96,1.44,1.56,126.43,124.43,3,3.5,1002.9,0.91
Andrei Volokitin,124.28,1.45,13,6.5,131.5,1.34,2536,2412,525,7,6,27.52,0.92,1.25,1.68,132.43,114.78,5,1.5,757.41,0.85
Arystan Isanzhulov,123.94,1.37,13,6.5,128,1.32,2538,2374,565,6,7,33.51,1.08,1.42,1.34,132.03,117,4.5,2,1122.72,1.17
Mukhiddin Madaminov,123.24,1.69,13,6.5,119.6,1.83,2471,2618,654,7,6,24.92,1.12,1.31,2.14,130.94,114.25,3.5,3,621.22,1.25
Zaven Andriasian,122.34,1.61,13,6.5,137.6,1.33,2610,2511,626,6,7,43.08,1.29,2.1,1.19,107.65,134.93,2.5,4,1855.76,1.67
Dominik Horvath,122.27,1.5,13,6.5,124.8,1.38,2401,2510,608,7,6,46.78,1.45,1.63,1.34,121.91,122.68,5,1.5,2188.15,2.09
Laurent Fressinet,119.54,1.63,13,6.5,118.4,1.38,2584,2471,624,6,7,29.56,1.02,1.16,2.04,131.82,109.01,2.5,4,874.04,1.03
Valentin Dragnev,117.58,1.6,13,6.5,117.3,1.42,2476,2436,699,7,6,43.28,1.36,1.42,1.81,124.73,109.25,4,2.5,1873.24,1.84
Karen H. Grigoryan,116.36,1.81,13,6.5,117.4,1.28,2678,2518,613,7,6,36.04,1.11,2.08,1.5,109.3,124.6,3.5,3,1299.07,1.22
Mahammad Muradli,114.21,1.76,13,6.5,121.1,1.72,2566,2463,652,6,7,37.87,1.1,2.27,1.31,95.63,130.13,1.5,5,1434.5,1.2
Viktor Matviishen,112.58,1.82,13,6.5,131.8,1.31,2423,2519,699,7,6,52.76,1.71,1.82,1.83,107.94,118,3,3.5,2783.21,2.92
Aleksey Grebnev,139.96,0.98,13,6,140.7,1,2463,2527,662,7,6,18.79,0.59,0.89,1.08,138.79,141.33,2.5,3.5,353.07,0.34
Vugar Manafov,138.5,1.09,13,6,136.1,1.2,2365,2559,693,6,7,18.05,0.59,1.01,1.16,139.18,137.91,2.5,3.5,325.94,0.35
Aram Hakobyan,136.21,1.03,13,6,137.3,1.11,2570,2495,660,7,6,22.03,0.6,0.81,1.28,144.56,126.47,4,2,485.49,0.36
Harsha Bharathakoti,133.44,1.11,13,6,139,1.15,2527,2399,640,6,7,25.85,0.75,1.5,0.77,117.63,146.99,1.5,4.5,668.27,0.57
Karthik Venkataraman,130.87,1.24,13,6,140.5,0.69,2458,2503,707,6,7,35.47,1.09,1.09,1.37,136.93,125.67,3,3,1258.29,1.19
Felix Blohberger,130.77,1.31,13,6,144.1,1.14,2451,2423,645,6,7,31.64,1.06,2.11,0.63,113,146,4,2,1000.8,1.11
Aldiyar Ansat,127.04,1.43,13,6,139.9,1.06,2392,2500,639,7,6,39.28,1.35,1.88,0.9,115.43,140.58,4,2,1543.3,1.81
Maksim Tsaruk,127.01,1.45,13,6,132.9,1.08,2474,2475,498,6,7,31.55,1.2,1.48,1.43,130.45,124.06,3.5,2.5,995.5,1.44
Dambasuren Batsuren,126.12,1.5,13,6,137.3,0.93,2451,2507,699,7,6,39.15,1.38,1.62,1.37,126.53,125.63,4.5,1.5,1532.65,1.9
Jonas Buhl Bjerre,125.11,1.49,13,6,131.2,1.46,2508,2484,544,6,7,34.78,1.24,1.76,1.27,113.32,135.21,0,6,1209.88,1.53
Tanitoluwa Adewumi,124.59,1.49,13,6,153.5,1.09,2405,2473,710,7,6,51.48,1.68,0.95,2.11,133.26,114.48,2,4,2649.81,2.83
Nikolas Theodorou,123.18,1.58,13,6,142.1,1.31,2543,2520,778,6,7,42.58,1.46,1.17,1.93,136.75,111.56,2.5,3.5,1813.13,2.12
Karolis Juksta,122.22,1.5,13,6,129.5,1.16,2338,2380,594,6,7,31.94,0.95,1.1,1.85,136.02,110.39,3.5,2.5,1019.92,0.9
Yiping Lou,121.87,1.66,13,6,121.4,1.59,2419,2527,672,7,6,29.76,0.97,1.77,1.53,113.39,131.77,1.5,4.5,885.84,0.95
Arseniy Nesterov,120.35,1.48,13,6,130.4,1.29,2529,2382,597,7,6,37.14,0.93,1.52,1.44,118.07,123.02,3,3,1379.53,0.87
David Anton Guijarro,117.74,1.59,13,6,135.1,1.23,2576,2371,632,7,6,47.83,1.4,1.87,1.26,113.59,122.58,4,2,2287.54,1.96
Emir Sharshenbekov,111.25,1.82,13,6,133.3,1.29,2205,2382,617,7,6,47.14,1.49,2.31,1.24,99.9,124.5,4,2,2222.5,2.21
Michael Bezold,106.89,1.92,13,6,125.9,1.51,2531,2359,639,6,7,49.78,1.29,1.89,1.94,112.22,102.33,3,3,2478.22,1.65
Aleksandr Rakhmanov,99.66,2.21,13,6,118.3,1.79,2577,2464,745,6,7,59.33,1.65,2.15,2.26,107.58,92.87,2.5,3.5,3519.57,2.74
Ehsan Ghaem Maghami,98.85,2.01,13,6,107,1.54,2559,2359,696,7,6,66.68,2.03,1.88,2.17,103.91,92.93,3.5,2.5,4446.37,4.13
Sandipan Chanda,134.33,1.09,13,5.5,146.3,0.66,2441,2442,530,6,7,28.39,0.97,1.24,0.96,134.15,134.49,3.5,2,806.16,0.95
Nikolozi Kacharava,134.32,1,13,5.5,143.3,0.73,2445,2446,657,6,7,34.58,1.12,0.72,1.24,141.25,128.37,2.5,3,1196.06,1.25
Diptayan Ghosh,132.62,1.05,13,5.5,130.4,0.97,2552,2432,532,6,7,27.39,0.95,0.88,1.19,143.22,123.53,4,1.5,750.42,0.9
Raja Harshit,130.75,1.24,13,5.5,129.7,1.17,2451,2484,524,6,7,21.63,0.78,0.96,1.48,142.63,120.56,4,1.5,467.77,0.61
Ward Al-Tarboush,130.25,1.28,13,5.5,130.8,1.37,2340,2459,722,6,7,19.58,0.71,1.31,1.25,130.15,130.34,2.5,3,383.28,0.5
Shiyam Thavandiran,129.08,1.29,13,5.5,124.3,1.53,2411,2465,680,6,7,25.85,0.83,1.02,1.52,135.45,123.63,2.5,3,668.24,0.68
Pablo Zarnicki,128.54,1.41,13,5.5,126.8,1.37,2463,2441,564,7,6,20,0.68,1.31,1.52,126.37,131.07,1.5,4,399.94,0.46
Semen Khanin,128.45,1.23,13,5.5,140.9,0.83,2461,2429,579,6,7,38,1.12,0.9,1.52,145.55,113.79,4.5,1,1443.85,1.26
Dennis Wagner,124.69,1.39,13,5.5,130.5,1.07,2491,2351,554,6,7,36.86,0.84,1.41,1.37,125.1,124.34,3.5,2,1358.86,0.71
Shant Sargsyan,123.76,1.38,13,5.5,126.9,1.51,2618,2476,585,7,6,37.49,1.08,1.67,1.03,115.31,133.62,3,2.5,1405.17,1.16
Rishi Sardana,121.95,1.57,13,5.5,129.5,1.01,2336,2422,586,6,7,34.37,1.23,1.99,1.2,108.85,133.17,2.5,3,1181.58,1.51
Faustino Oro,121.87,1.54,13,5.5,119.2,1.77,2431,2374,643,6,7,27.45,1.07,1.13,1.9,134.83,110.76,3.5,2,753.59,1.13
Ioan-Cristian Chirila,121.6,1.55,13,5.5,119,1.29,2445,2388,549,7,6,33.74,1.1,1.46,1.65,125.13,117.48,4,1.5,1138.19,1.22
Josiah Stearman,121.2,1.49,13,5.5,141.4,0.85,2383,2397,562,7,6,47.36,1.49,1.21,1.81,130.17,110.73,3,2.5,2243.07,2.22
Giorgi Margvelashvili,118.8,1.68,13,5.5,120.2,1.54,2554,2421,592,7,6,30.19,1,1.2,2.24,131.61,103.85,2.5,3,911.24,0.99
Oliver Barbosa,116.07,1.59,13,5.5,125.7,1.74,2594,2338,692,6,7,35.84,0.93,2.09,1.17,96.83,132.56,2,3.5,1284.2,0.87
Alisher Suleymenov,114.61,1.73,13,5.5,126.4,1.28,2375,2401,621,6,7,46.95,1.41,1.56,1.88,124.48,106.14,3,2.5,2204.06,1.99
Sugar Gan-Erdene,109.68,1.85,13,5.5,93.1,2.05,2320,2480,683,7,6,40.89,1.3,2.23,1.41,103.33,117.08,3.5,2,1671.75,1.69
Arystanbek Urazayev,107.92,2.13,13,5.5,115.5,1.9,2447,2548,723,7,6,48.25,1.49,2.4,1.82,98.07,119.42,2,3.5,2328.28,2.21
Robert Hungaski,103.42,2.12,13,5.5,129.8,1.93,2432,2477,622,6,7,57.9,1.82,2.05,2.18,106.38,100.87,2.5,3,3352.47,3.32
Adelard Bai,140.42,0.87,13,5,137.8,0.68,2316,2456,644,7,6,19.65,0.61,0.78,0.98,146.13,133.77,3.5,1.5,386.1,0.37
Sergey Erenburg,137.66,0.86,13,5,143,0.8,2555,2382,538,6,7,24.72,0.66,1.31,0.47,124.98,148.53,1,4,610.97,0.44
Eric Rosen,130.47,1.13,13,5,132.5,0.84,2342,2418,685,7,6,32.51,0.87,0.9,1.39,135.67,124.4,2.5,2.5,1057.11,0.75
David Brodsky,120.66,1.58,13,5,122.5,1.42,2482,2438,672,7,6,38.55,0.92,1.7,1.43,110.6,132.4,1.5,3.5,1485.75,0.85
Joel Benjamin,116.89,1.6,13,5,118.3,1.39,2561,2317,706,6,7,30.64,0.87,1.8,1.42,114.33,119.09,3,2,938.71,0.76
Helgi Ass Gretarsson,116.38,1.62,13,5,127.3,1.12,2380,2322,555,6,7,37.32,1.15,1.71,1.54,116.48,116.3,3,2,1392.73,1.33
Mads Andersen,115.87,1.59,13,5,124.1,1.57,2518,2369,621,7,6,37.73,1.01,1.26,1.97,127.93,101.8,3,2,1423.19,1.01
Varuzhan Akobian,111.98,1.77,13,5,123.1,1.12,2496,2330,607,7,6,42.23,1.36,1.62,1.95,111.29,112.8,1,4,1783.3,1.84
Aziz Degenbaev,101.98,2.01,13,5,108.8,1.82,2222,2376,660,6,7,62.12,1.64,1.68,2.29,115.93,90.01,2,3,3858.49,2.69
Emin Ohanyan,138.68,0.89,13,4.5,141.4,0.9,2397,2456,603,6,7,18.93,0.61,0.92,0.87,138.9,138.49,2,2.5,358.16,0.37
Ivan Cheparinov,136.58,1.03,10,4.5,145.75,0.7,2605,2498,429,5,5,27.34,1.01,0.81,1.25,146.56,126.6,3,1.5,747.54,1.02
Fabian Pereira,125.08,1.19,13,4.5,121.5,1.34,2006,2165,609,7,6,24.01,0.85,1.27,1.09,118.64,132.58,2,2.5,576.61,0.72
Chenxuan Ling,124.68,1.2,13,4.5,125.7,1.04,2085,2144,463,6,7,28.51,0.81,1.5,0.95,110.35,136.97,1,3.5,812.54,0.66
Aksel Bu Kvaloy,123.09,1.43,13,4.5,140.6,1.49,2298,2326,505,7,6,35.98,0.99,1.39,1.48,123.56,122.55,2,2.5,1294.69,0.99
Mark Smirnov,121.93,1.45,13,4.5,133.8,1.01,2212,2368,700,6,7,35.4,1.18,1.8,1.16,113.22,129.4,2.5,2,1252.86,1.39
Mikhail Kobalia,121.19,1.51,13,4.5,113.3,1.63,2500,2430,633,6,7,23.86,0.75,1.63,1.42,118.7,123.33,2,2.5,569.51,0.57
Rodwell Makoto,119.62,1.48,13,4.5,122.9,1.13,2293,2252,524,7,6,21.38,0.94,1.52,1.43,117.86,121.68,2.5,2,457.12,0.89
Alexandros Papasimakopoulos,117.35,1.56,13,4.5,112.6,1.55,2451,2154,621,6,7,32.74,0.8,1.6,1.53,114.1,120.14,2,2.5,1071.95,0.65
Sebastian Lukas Kostolansky,116.6,1.57,13,4.5,125.3,1.41,2298,2219,747,6,7,36.83,0.94,1.8,1.38,105.47,126.14,1.5,3,1356.66,0.88
Juraj Druska,110.07,1.83,13,4.5,100.3,1.75,2425,2342,718,7,6,36.31,1.25,2.41,1.15,90.84,132.5,2,2.5,1318.27,1.55
Gabriel Gaehwiler,110.02,1.65,13,4.5,102.6,1.89,2480,2271,667,7,6,38.05,1.08,1.85,1.42,101.59,119.85,2,2.5,1447.73,1.17
Leonid Yudasin,109.48,1.68,13,4.5,127.1,1.68,2521,2160,589,6,7,50.29,1.4,1.65,1.71,117.02,103.03,3,1.5,2528.68,1.95
Kai Jie Soo,105.73,1.9,13,4.5,108.4,1.66,2111,2285,634,6,7,50.87,1.53,2.18,1.65,93.62,116.11,2,2.5,2588,2.34
Ramazan Zhalmakhanov,100.88,2.15,13,4.5,95.8,2.29,2479,2366,729,6,7,42.53,0.99,2.24,2.07,104.55,97.73,3.5,1,1808.96,0.99
Ganzorig Amartuvshin,126.45,1.3,13,4,132.2,0.96,2324,2401,578,7,6,22.85,0.87,0.88,1.79,138.34,112.58,2,2,522.08,0.75
Alder Escobar Forero,120.92,1.46,13,4,136.3,1.2,2380,2322,638,6,7,37.78,1.11,2.1,0.92,98.33,140.27,1.5,2.5,1426.99,1.22
Nico Chasin,120.8,1.51,11,4,142,0.99,2408,2459,621,5,6,55.08,1.87,1.12,1.84,136.04,108.1,2.5,1.5,3034.29,3.5
Ilan Schnaider,113.18,1.66,13,4,121.7,1.47,2415,2289,738,6,7,34.96,1.11,1.18,2.07,129.37,99.31,2,2,1222.25,1.23
Kevin George,101.12,1.96,13,4,96.1,1.98,2285,2189,699,7,6,38.73,0.92,1.73,2.22,109.03,91.88,2.5,1.5,1499.63,0.84
Banh_Gia Huy,128.5,1.06,13,3.5,133.2,1.03,2252,2225,771,7,6,27.57,0.8,0.59,1.6,140.46,114.55,2,1.5,760.24,0.64
Reja Neer Manon,116.53,1.5,13,3.5,126.8,1.15,2027,2176,516,7,6,36.97,1.28,1.5,1.5,115.33,117.93,1.5,2,1366.85,1.65
Harold Wanyama,103.45,1.78,12,3.5,114.55,1.33,2175,2125,519,6,6,53.78,1.55,2.6,0.96,76.82,130.08,2.5,1,2892.48,2.41
Elshan Moradiabadi,116.66,1.57,7,3,114.3,1.41,2527,2334,377,4,3,31.86,0.85,1.36,1.84,121.75,109.87,2,1,1015.18,0.72
Vidar Grahn,108.81,1.68,13,3,110.1,1.49,2270,2103,576,7,6,36.55,0.97,2.15,1.13,90.71,129.92,1,2,1336.25,0.94
Ryan Blackwood,102.25,1.79,13,3,103.9,1.77,1936,2067,610,6,7,34.3,0.96,2.01,1.6,95.33,108.17,1.5,1.5,1176.48,0.92
Manuel Larrea,112.83,1.52,12,2.5,120.95,1.24,2241,2073,484,6,6,41.33,1.03,1.05,2,135.65,90.02,2.5,0,1707.87,1.07
Levi Kalani Alexander Fogo Esquivel,109.61,1.63,12,2.5,115.55,1.42,1976,2161,602,6,6,37.19,1.09,2.04,1.22,97.47,121.75,1.5,1,1383.22,1.19
Andre Meylan,97.51,1.96,12,2,117.05,1.48,2195,2048,515,5,7,48.04,1.36,1.75,2.12,99.94,95.77,0,2,2307.47,1.84
Hayoung Wong,95.78,1.85,12,1.5,104.35,1.56,1704,1877,513,6,6,36.97,1.22,2,1.7,86.15,105.4,0,1.5,1367.05,1.49
Emil Risteski,119.08,1.49,5,0.5,122.9,1.06,2251,2165,199,2,3,29.95,1.34,2.75,0.65,90.3,138.27,0,0.5,897.1,1.78
Nidal Ahmed,122.87,1,6,0,113,1.31,1833,1781,168,3,3,28.03,0.81,1.14,0.87,117.87,127.87,0,0,785.84,0.66