Player,avg_gi,avg_missed_points,TPR,avg_acpl,total_game_count,Points,gi_median,missed_points_median,Elo,total_moves,White_games,Black_games,acpl_median,gi_std,missed_points_std,acpl_std,avg_gi_raw,avg_missed_points_white,avg_missed_points_black,avg_gi_white,avg_gi_black,white_result_sum,black_result_sum,total_missed_points_sum,gi_var,missed_points_var,acpl_var
Jan-Krzysztof Duda,154.5,0.33,2462,53.1,7,3.5,158.2,0.28,2718,234,3,4,10.39,9.19,0.28,110.47,-0.16,0.3,0.36,159.1,151.1,2,1.5,2.33,84.4,0.08,12204.32
Andrey Esipenko,149.5,0.44,2489,33.82,12,5.5,160,0.26,2651,490,6,6,5.61,22.51,0.62,90.52,-0.43,0.77,0.12,138.1,161,2.5,3,5.34,506.87,0.39,8193.17
Alexander Grischuk,152,0.51,2547,23.41,11,5.5,158.1,0.42,2696,473,6,5,7.26,11.09,0.52,38.98,-0.3,0.49,0.52,154.4,149.1,3.5,2,5.59,123,0.27,1519.59
Richard G Pert,153.1,0.59,2542,59.08,7,6,158.2,0.45,2447,252,3,4,14.44,9.8,0.68,115.81,-0.24,1.02,0.27,145.5,158.8,3,3,4.14,95.97,0.46,13411.48
Rhys Cumming,145.2,0.6,2093,21.4,11,5,141.6,0.52,2223,449,5,6,16.42,16.99,0.48,84.45,-0.67,0.57,0.63,141.9,148,2,3,6.6,288.73,0.23,7131.47
Or Bronstein,150.8,0.62,2557,49.62,9,7.5,158.1,0.48,2345,333,5,4,12.71,12.57,0.58,114.19,-0.37,0.69,0.54,151.4,149.9,5,2.5,5.57,158.02,0.33,13039.89
Rauf Mamedov,146.8,0.62,2518,52.38,6,2.5,153.7,0.46,2617,256,3,3,20.09,19.09,0.61,87.79,-0.58,0.91,0.34,136.4,157.1,0.5,2,3.74,364.48,0.37,7707.63
Alexey Sarana,153,0.63,2637,9.42,7,4.5,160.1,0.48,2603,312,4,3,8.63,17.15,0.64,5.33,-0.25,0.88,0.29,147.5,160.3,2.5,2,4.38,294.22,0.4,28.4
Rasmus Svane,150.4,0.64,2627,63.92,9,5.5,146.2,0.47,2616,372,4,5,13.24,11.26,0.63,108.95,-0.39,0.61,0.67,153.8,147.7,2.5,3,5.8,126.71,0.39,11870.91
Richard Rapport,150.2,0.68,2744,21.66,12,8,155.9,0.44,2709,538,5,7,11.2,19.27,0.65,33.43,-0.4,0.55,0.77,154.2,147.3,4,4,8.13,371.26,0.43,1117.83
Matthias Bluebaum,145.6,0.68,2438,14,7,3.5,157.7,0.45,2596,348,4,3,7.64,20.11,0.73,11.54,-0.65,0.34,1.15,154.8,133.4,2,1.5,4.78,404.43,0.53,133.25
Quang Liem Le,150.3,0.69,2703,11.11,9,6.5,158.3,0.4,2645,470,3,6,9.2,15.26,0.68,7.18,-0.39,0.95,0.55,146.5,152.2,2,4.5,6.18,232.78,0.46,51.5
Andrei Volokitin,140.8,0.7,2345,15.45,6,2,142.5,0.52,2568,265,2,4,12.76,21.12,0.66,11.37,-0.91,0.83,0.63,140.5,140.9,0.5,1.5,4.17,445.87,0.43,129.25
Anish Giri,151.8,0.71,2650,12.06,11,8,154.7,0.72,2688,485,6,5,11.11,13.2,0.52,5.74,-0.31,0.67,0.77,150.6,153.2,4,4,7.85,174.24,0.27,32.95
Yifan Hou,147.4,0.72,2460,19.9,7,5.5,157.6,0.57,2539,258,3,4,10.76,20.85,0.73,27.9,-0.55,0.85,0.62,150.2,145.2,2.5,3,5.06,434.87,0.54,778.61
Read Samadov,146.6,0.72,2473,30.3,10,4.5,155.5,0.66,2464,458,5,5,12.84,15.9,0.68,56.38,-0.59,0.84,0.6,144.4,148.8,2,2.5,7.22,252.82,0.46,3178.58
Maxime Vachier-Lagrave,147.6,0.73,2653,4.13,10,6,160,0.45,2735,462,4,6,9.64,25.1,0.69,22.69,-0.54,0.97,0.56,143.3,150.5,3,3,7.27,630.11,0.47,514.77
Alua Nurman,143.9,0.73,2234,40.84,8,5,150.2,0.68,2250,482,4,4,11.92,16.35,0.54,120.95,-0.74,0.78,0.68,147,140.8,3,2,5.85,267.39,0.29,14627.96
Javokhir Sindarov,152.2,0.74,2798,11.8,12,9.5,158.7,0.68,2668,515,7,5,11.66,15.37,0.74,7.42,-0.29,0.89,0.52,149.9,155.6,6.5,3,8.85,236.15,0.55,55.01
Jose Eduardo Martinez Alcantara,145.4,0.75,2541,-0.23,12,5.5,157,0.66,2665,538,6,6,6.57,23.71,0.76,47.31,-0.66,0.5,1,154.2,136.6,3.5,2,8.99,562.02,0.57,2238.17
Irina Bulmaga,146.1,0.77,2496,124.15,9,6.5,158.2,0.49,2372,374,5,4,19.9,17.52,0.77,175.9,-0.62,0.56,1.04,154.8,135.2,4.5,2,6.97,306.98,0.59,30940.53
Jingyao Tin,143.2,0.77,2555,30.94,11,7,158.6,0.51,2485,556,5,6,11.64,35.25,1.01,52.85,-0.77,0.39,1.09,159.8,129.4,4,3,8.49,1242.73,1.03,2792.85
Aldiyar Ansat,136.2,0.77,2342,59.53,8,3,128.4,0.9,2383,404,4,4,19.6,20.15,0.65,95.37,-1.15,0.91,0.63,133,139.4,1,2,6.14,406.14,0.42,9095.48
Daniel Dardha,146.6,0.78,2547,15.32,12,7.5,156.2,0.78,2582,519,6,6,10.66,18.85,0.66,13.23,-0.59,0.57,0.99,150.8,142.4,3.5,4,9.33,355.23,0.43,175.08
Hikaru Nakamura,150.5,0.79,2747,14.7,11,8.5,159.1,0.63,2734,570,7,4,8.67,16.13,0.79,39.27,-0.38,0.81,0.75,149.9,151.5,5.5,3,8.67,260.24,0.62,1542.31
Boris Gelfand,147.2,0.79,2594,21.81,9,5,146.9,0.71,2622,414,5,4,14.23,11.67,0.44,18.11,-0.56,0.92,0.62,146.3,148.4,3,2,7.07,136.2,0.19,327.95
Frederick Waldhausen Gordon,146.7,0.79,2160,28.2,10,7,153.8,0.76,2153,504,5,5,15.74,15.5,0.68,43.58,-0.58,1.09,0.49,143.8,149.7,4.5,2.5,7.89,240.31,0.46,1899.19
Faustino Oro,143.6,0.8,2534,22.08,12,6,143.2,0.56,2457,650,7,5,14.57,18.87,0.66,29.15,-0.75,0.9,0.66,141.1,147.1,2.5,3.5,9.59,356.08,0.43,849.57
Viswanathan Anand,151.7,0.81,2799,14.91,7,5,145.4,1,2719,321,3,4,13.06,14.01,0.59,11.74,-0.31,0.99,0.67,150.4,152.6,2.5,2.5,5.66,196.18,0.35,137.83
Marius Fromm,147.4,0.81,2525,17.25,9,6.5,153.5,0.78,2320,411,5,4,14.55,15.66,0.57,12.82,-0.55,1.2,0.32,142.3,153.8,4,2.5,7.27,245.34,0.32,164.28
Santosh Gujrathi Vidit,146.7,0.82,2677,20.92,10,7.5,159,0.32,2650,496,5,5,12.23,28.2,1.12,34.09,-0.59,0.3,1.35,163,130.5,4.5,3,8.25,794.98,1.25,1162.21
Marc`Andria Maurizzi,142.1,0.82,2454,14.84,12,6.5,149.6,0.82,2472,450,6,6,15.71,21.46,0.59,114.43,-0.83,0.68,0.97,146.4,137.8,4,2.5,9.89,460.47,0.35,13093.33
Thomas E Rendle,141.4,0.82,2421,12.13,9,5.5,153.9,0.61,2412,323,5,4,12.28,22.07,0.84,6.66,-0.87,0.61,1.08,143.1,139.2,2.5,3,7.35,486.97,0.71,44.4
Levon Aronian,148.1,0.83,2694,11.87,11,7,158.5,0.68,2746,572,5,6,6.91,19.24,0.71,10.82,-0.51,0.71,0.94,151,145.7,3.5,3.5,9.15,370.31,0.5,117.05
David Anton Guijarro,144.3,0.84,2594,61.54,12,6.5,156.4,0.66,2625,478,6,6,14.14,22.85,0.79,124.72,-0.71,0.68,0.99,147.4,141.3,3.5,3,10.02,522.02,0.62,15556.26
Jules Moussard,145.6,0.85,2601,28.65,12,7.5,158.2,0.58,2609,615,6,6,9.13,25.71,0.91,66.33,-0.65,0.76,0.94,145.8,145.3,4,3.5,10.19,661.26,0.83,4399.37
Shamsiddin Vokhidov,142.7,0.85,2509,42.81,10,5.5,158.1,0.82,2519,450,7,3,11.2,26.26,0.62,66.95,-0.8,0.81,0.95,145.3,136.5,4.5,1,8.54,689.56,0.39,4481.92
V Pranav,148.5,0.86,2922,41.1,8,7.5,158.8,0.44,2537,428,4,4,10.14,28.46,1.13,92.16,-0.49,0.64,1.08,156.2,140.8,3.5,4,6.89,810.05,1.27,8494.07
Samuel Sevian,148.4,0.86,2753,21,11,8,158,0.96,2636,579,6,5,13.67,19.19,0.85,37.47,-0.49,0.92,0.8,145,152.5,4,4,9.5,368.19,0.73,1404.09
Aaravamudhan Balaji,145.9,0.86,2327,34.13,10,7.5,156.5,0.5,2278,504,4,6,11.69,32.24,1.11,72.85,-0.63,0.92,0.83,140.5,149.5,3,4.5,8.65,1039.63,1.23,5307.16
Jose Carlos Ibarra Jerez,143,0.86,2256,35.04,12,6,148,0.64,2541,583,7,5,12.72,24.16,0.86,71.47,-0.78,0.73,1.04,149.3,134.2,4.5,1.5,10.27,583.47,0.74,5108.39
Andrew Hong,142.2,0.86,2596,67.39,12,8,156,0.6,2547,553,6,6,10.74,28.68,0.92,145.51,-0.82,0.58,1.15,154.5,130,5,3,10.37,822.7,0.86,21172.34
Li Wu,142.1,0.86,2388,18.08,10,5,146,0.72,2270,408,5,5,19.62,17.68,0.64,10.05,-0.84,0.7,1.02,147.7,136.5,3,2,8.61,312.6,0.4,101.07
Khagan Ahmad,138.2,0.87,2428,63.71,12,5.5,145,0.94,2301,590,5,7,11.5,22.33,0.6,171.37,-1.04,0.56,1.09,151,129.1,4,1.5,10.41,498.78,0.36,29368.03
Gawain C B Maroroa Jones,139,0.88,2512,37.43,8,3,145.9,0.73,2635,393,2,6,12.59,34.56,0.9,63.7,-1,0.36,1.06,155,133.7,1,2,7.08,1194.31,0.82,4057.48
Nigel D Short,137.3,0.88,2461,18.22,12,7,157.6,0.62,2533,621,6,6,10.24,31.69,1.02,17.95,-1.09,0.53,1.22,143.5,131.2,4.5,2.5,10.51,1004.55,1.05,322.33
Miaoyi Lu,141.4,0.89,2380,69.45,12,6,143.4,0.82,2240,547,7,5,18.76,14.52,0.58,123.98,-0.87,0.91,0.85,139,144.7,3,3,10.62,210.7,0.34,15371.89
Rebekka Schuster,142.9,0.9,1368,217.97,7,4,147.7,0.7,1874,227,5,2,278.59,22.67,0.4,209.57,-0.79,0.87,0.98,144.2,139.9,3,1,6.29,513.76,0.16,43917.52
Gleb Dudin,140.8,0.9,2615,30.33,12,8.5,158.9,0.61,2454,598,6,6,11.36,31.56,0.89,55.56,-0.9,0.85,0.95,141.4,140.2,4.5,4,10.81,996.15,0.79,3087.44
Ulziikhishig Khishigbat,136.7,0.9,1993,91.09,11,6,144.7,0.71,2027,501,6,5,19.2,29,0.81,115.93,-1.12,1.28,0.45,123,153.1,3,3,9.94,841.22,0.65,13440.88
Supratit Banerjee,133.9,0.9,2222,30.97,8,3.5,141.6,1.06,2067,434,3,5,11,27.64,0.75,55.49,-1.28,0.99,0.84,124.6,139.5,1,2.5,7.16,764.16,0.56,3079.47
Mikkel Vinh Loftgaard,132.4,0.9,2197,82.12,10,3.5,127.3,0.98,2160,375,5,5,23.72,20.26,0.46,129.4,-1.36,0.84,0.95,136.6,128.2,2.5,1,8.96,410.51,0.21,16744.01
Ivan Saric,141.3,0.91,2530,82.24,11,5.5,147.5,0.59,2597,454,5,6,15.42,29.55,0.83,166.56,-0.88,0.96,0.86,132,149,1.5,4,9.96,873.26,0.7,27741.95
Viktor Erdos,140.3,0.91,2456,13.84,12,6.5,150.2,0.76,2525,535,5,7,9.79,22.73,0.88,17.62,-0.93,1.16,0.74,132.9,145.6,2.5,4,10.97,516.78,0.77,310.49
Ilja Schneider,139,0.91,2384,65.1,9,3.5,136.1,0.96,2429,374,4,5,22.67,11.15,0.52,103.4,-1,0.97,0.87,137.2,140.4,1,2.5,8.23,124.28,0.27,10691.81
Chen Zhu,135.9,0.92,2135,117.17,9,4.5,136,0.6,2312,372,4,5,30.57,19.75,0.64,153.5,-1.17,0.8,1.01,143,130.2,2.5,2,8.25,389.9,0.41,23561.2
Bella Khotenashvili,144.1,0.93,2532,41.2,12,10.5,153,0.88,2349,557,5,7,14.93,18.07,0.8,92.3,-0.73,1.26,0.7,134.6,150.8,4.5,6,11.15,326.53,0.64,8518.68
Simon K Williams,137.4,0.93,2226,37.85,10,3.5,138.6,0.74,2497,390,3,7,24.57,22.93,0.62,49.64,-1.09,1.6,0.64,123.1,143.5,1.5,2,9.3,525.64,0.38,2463.84
Dmitrij Kollars,147.8,0.94,2531,47.83,8,5.5,152.8,0.81,2553,391,4,4,13.2,12.93,0.56,99.05,-0.53,0.78,1.11,151.6,144,3,2.5,7.56,167.23,0.32,9811.29
Haik M. Martirosyan,146.4,0.94,2593,10.47,8,5,155.1,0.98,2610,423,5,3,9.75,20.61,0.8,7.39,-0.6,0.97,0.87,150.2,140.1,4,1,7.49,424.57,0.65,54.64
Meruert Kamalidenova,143.3,0.94,2390,52.51,9,6,141.8,0.81,2380,408,4,5,19.13,16.75,0.56,108.51,-0.77,0.8,1.05,149.6,138.3,3,3,8.44,280.54,0.31,11774.94
Ruslan Momunaliev,139.1,0.94,2415,17.15,7,3,131.2,0.95,2070,332,3,4,15.76,17.7,0.32,6.11,-1,0.88,0.99,146.1,133.8,2,1,6.6,313.21,0.1,37.28
Jose Fernando Cuenca Jimenez,135.2,0.94,2517,39.66,12,8,158.2,0.33,2459,556,5,7,17.31,32.93,1.1,67.03,-1.2,0.46,1.28,148.9,125.5,3.5,4.5,11.27,1084.23,1.2,4493.66
Stanley Badacsonyi,133,0.94,2156,69.8,8,2,132,0.91,2316,332,4,4,21.42,20.7,0.58,92.51,-1.32,0.84,1.05,142.5,123.5,2,0,7.56,428.49,0.33,8557.46
Yahli Sokolovsky,144.5,0.96,2468,21.52,10,6.5,149.3,1.12,2367,453,5,5,15.9,14.77,0.48,14.22,-0.7,1.09,0.83,135.1,153.9,2,4.5,9.57,218.04,0.23,202.11
Erigaisi Arjun,144.4,0.96,2704,52.27,11,6,146.2,0.7,2708,539,6,5,16.03,21.82,0.68,86.14,-0.71,0.62,1.38,156.5,130,4.5,1.5,10.61,476.23,0.46,7420.31
Denis Makhnev,142.5,0.96,2575,27.35,12,7.5,149,0.64,2531,615,6,6,13.54,23.15,0.89,44.79,-0.81,1,0.93,147.1,137.9,5,2.5,11.57,535.71,0.79,2005.78
Nodirbek Yakubboev,140,0.96,2569,28.31,8,4.5,135.7,0.78,2547,456,4,4,15.52,18.58,0.82,42.26,-0.95,1.46,0.46,132.7,147.2,3,1.5,7.67,345.07,0.67,1785.75
Alexander Moiseenko,138.2,0.96,2395,89.43,7,3,143,1.13,2533,352,4,3,14.49,22.41,0.83,142.38,-1.04,1.18,0.66,132.5,145.7,2,1,6.69,502.1,0.68,20271.63
Mikkel Manosri Jacobsen,135.9,0.96,2443,60.88,10,5,146.6,0.58,2169,491,5,5,21.56,36,1.04,81.9,-1.17,1.37,0.55,124.2,147.5,3,2,9.61,1295.76,1.07,6708.13
Alireza Firouzja,146.7,0.97,2858,24.12,11,8.5,161.4,0.62,2753,608,6,5,10.34,27.99,0.93,37.73,-0.58,0.94,1.01,150,142.9,5,3.5,10.71,783.4,0.87,1423.81
Dagur Ragnarsson,142.9,0.97,2130,67.22,11,6.5,151.6,0.88,2350,537,5,6,15.48,18.58,0.61,118.89,-0.79,0.7,1.19,156.5,131.6,4,2.5,10.65,345.22,0.38,14134.07
Edgar Mamedov,135.4,0.98,2380,30.28,10,4.5,128.2,0.98,2324,552,4,6,17.98,24.52,0.73,72.12,-1.19,0.94,1,134,136.4,1,3.5,9.78,601.14,0.54,5200.65
Nihal Sarin,145.5,1,2733,50.92,12,8.5,149.6,0.88,2676,658,6,6,12.96,22.92,0.62,92.96,-0.65,0.94,1.06,150.4,140.6,4.5,4,12,525.22,0.39,8641.35
Rustam Kasimdzhanov,143.3,1,2681,17.09,6,4,147,0.91,2641,232,1,5,16.63,19.59,0.82,10.2,-0.77,1.08,0.98,142.4,143.5,0.5,3.5,5.99,383.89,0.67,104.05
Ganzorig Amartuvshin,143,1,2291,38.06,11,6,144.3,1.12,2356,509,6,5,18.05,14.73,0.53,75.28,-0.78,0.95,1.06,146.7,138.6,4,2,11.02,217,0.28,5666.7
Yagiz Kaan Erdogmus,144.6,1.01,2391,28.1,12,8.5,144,0.8,2384,497,5,7,15.87,15.5,0.8,42.58,-0.7,0.74,1.21,149.8,140.8,3,5.5,12.13,240.13,0.63,1813.19
Wesley So,145,1.02,2662,44.37,9,6,144.5,0.78,2714,468,4,5,14.25,15.77,0.67,64.67,-0.68,1.32,0.78,139.8,149.1,3,3,9.18,248.73,0.45,4182.62
Michael Adams,141.8,1.02,2598,40.69,9,5.5,145.2,1.01,2628,438,4,5,13.29,18.03,0.84,74.28,-0.85,0.85,1.16,147.8,136.9,3,2.5,9.22,325.03,0.71,5517.97
Rinat Jumabayev,140.7,1.02,2687,10.86,10,7,152,0.7,2524,731,5,5,9.54,26.4,0.97,5.3,-0.91,1.17,0.88,136.1,145.4,3.5,3.5,10.23,696.95,0.93,28.12
Sugar Gan-Erdene,139.8,1.02,2257,26.9,12,6,147.6,0.66,2433,713,6,6,12.18,24.04,0.85,76,-0.95,0.97,1.08,138.6,141.1,3.5,2.5,12.27,577.73,0.73,5775.84
Ketevan Arakhamia-Grant,135,1.02,2072,16.11,11,5.5,135.5,0.68,2267,624,7,4,18.34,22.72,0.79,7.7,-1.21,1.17,0.77,133.9,137,4,1.5,11.26,516.01,0.63,59.29
Fy Antenaina Rakotomaharo,134.3,1.02,2337,34.92,11,4.5,136.4,0.94,2404,447,6,5,14.19,23.82,0.49,60.62,-1.25,0.96,1.09,133.8,134.9,2.5,2,11.19,567.59,0.24,3675.03
Shakhriyar Mamedyarov,146.3,1.03,2473,71.55,12,8.5,144,0.98,2701,517,5,7,18.13,13.97,0.53,140.28,-0.61,0.97,1.08,151,142.9,4,4.5,12.37,195.17,0.28,19677.76
Atharvaa_P Tayade,145.6,1.03,2135,92.22,12,11,152.8,0.97,1952,565,6,6,37.17,17.32,0.66,109.04,-0.65,0.96,1.1,147.8,143.4,6,5,12.37,300.06,0.44,11890.1
Victor Bologan,133.2,1.03,2358,19.92,12,6,135,0.86,2501,521,6,6,19.2,25.58,0.74,14.49,-1.31,1.28,0.77,125.6,140.8,2,4,12.32,654.57,0.55,209.96
Sereenen Gan-Od,132.1,1.03,2217,85.12,11,5,139.6,0.92,2294,635,5,6,22.03,32.53,0.84,126.69,-1.37,0.75,1.26,149.8,117.4,3,2,11.29,1058.23,0.71,16051.12
Amilal Munkhdalai,138.9,1.04,2426,73.88,11,6,144.7,0.92,2341,641,5,6,18.26,23.72,0.72,103.82,-1.01,1.1,0.99,133.1,143.7,2.5,3.5,11.41,562.41,0.53,10778.36
Volodar Murzin,142.8,1.06,2686,48.45,8,5.5,147.3,0.75,2637,361,5,3,14.28,25.44,0.92,96.35,-0.8,0.93,1.29,151.1,129,4,1.5,8.51,647.15,0.84,9283.63
Roman Shogdzhiev,139,1.06,2495,18.94,8,5,146.2,1.17,2405,373,4,4,14.56,24.29,0.8,15.76,-1,1.34,0.77,137.4,140.7,3.5,1.5,8.47,590.01,0.64,248.23
Yuliia Osmak,137.7,1.06,2393,14.9,10,7,153.4,0.66,2343,526,5,5,12.36,30.35,1.15,8.95,-1.07,0.89,1.22,141.5,134,3.5,3.5,10.55,920.97,1.32,80.11
Frederik Svane,139.5,1.07,2546,23.51,8,4.5,152.9,0.97,2476,444,4,4,12.76,26.85,0.88,75.25,-0.97,0.92,1.21,146.6,132.4,3,1.5,8.55,720.73,0.78,5662.34
Pentala Harikrishna,137.3,1.07,2523,28.82,9,3.5,140.1,1.07,2634,514,4,5,15.6,20.46,0.72,47.32,-1.09,0.78,1.3,143.4,132.4,1.5,2,9.6,418.49,0.51,2239
Valery Atlas,138.8,1.08,2359,85.57,10,6.5,144.2,1.16,2419,553,5,5,15.13,19.8,0.72,123.39,-1.01,0.69,1.46,147.6,130.1,3,3.5,10.75,392.17,0.52,15224.84
Bat-Erdene Mungunzul,135.4,1.08,2358,12.96,12,8,143,0.66,2285,628,6,6,18.09,25.37,0.86,24.63,-1.2,1.33,0.84,129.8,141,4,4,12.99,643.52,0.74,606.54
Nurgyul Salimova,131.4,1.08,2265,22.49,10,3.5,130,1.01,2332,438,5,5,21.67,21.45,0.64,11.06,-1.41,0.71,1.46,142,120.9,2,1.5,10.84,460.1,0.4,122.39
Changjie Zhang,120.6,1.08,1484,87.54,12,1,125.6,0.96,1676,525,6,6,42.56,21.24,0.49,96.72,-1.99,0.9,1.27,124.5,116.8,0,1,13.02,451.02,0.24,9354.33
Leinier Dominguez Perez,138.1,1.09,2658,34.74,8,5,153.6,0.58,2708,358,3,5,9.76,34.02,1.31,148.29,-1.05,1.95,0.57,113,153.1,1.5,3.5,8.7,1157.6,1.72,21989.74
Matthew J Wadsworth,130.1,1.09,2332,12.5,11,4.5,132.3,0.78,2367,507,5,6,18,25.24,0.87,21.48,-1.48,0.69,1.42,141.7,120.4,3,1.5,12,637.07,0.75,461.2
Theo Phulpin,129.3,1.09,1719,123.54,12,6,125.6,0.93,1754,643,6,6,81.02,33.68,1.01,143.81,-1.53,0.69,1.48,141.7,116.8,3.5,2.5,13.04,1134.43,1.02,20681.31
Teodora Injac,129.3,1.09,2499,13.27,6,4.5,158.4,0.34,2309,301,3,3,11.44,54.88,1.52,10.14,-1.52,2.05,0.12,99,159.6,1.5,3,6.52,3012.09,2.31,102.72
Killian Delaney,128.8,1.09,2124,37.48,11,4,123.1,1.19,2177,508,6,5,24.04,22.92,0.73,58.96,-1.55,1.09,1.09,130.2,127.1,2.5,1.5,12,525.4,0.53,3476.68
Jonas Buhl Bjerre,143.3,1.1,2179,-6.95,10,7.5,154.2,1.02,2546,506,5,5,9.57,26.46,0.94,55.07,-0.77,1.82,0.37,125.4,161.2,3.5,4,10.96,700,0.88,3032.24
Nitzan Steinberg,135,1.1,2464,41.57,10,5.5,142.2,0.9,2516,449,4,6,20.72,27.47,0.97,73.1,-1.22,0.64,1.41,145.2,128.1,2.5,3,11.02,754.73,0.94,5343.89
Zhandos Agmanov,132.5,1.1,2426,55.48,10,4.5,140.1,1,2388,458,7,3,15.06,33.73,1,95.33,-1.35,0.97,1.4,139.4,116.4,4,0.5,11.01,1137.8,1,9087.88
Anna Muzychuk,132,1.1,2363,17.78,6,3,139.6,1.08,2409,322,3,3,15.21,31.34,0.96,12.75,-1.38,1.65,0.56,121.3,142.7,2,1,6.63,981.95,0.93,162.48
Makgatle_Cordeliah Goitsemodimo,137.9,1.11,1417,313.79,9,1,138.1,1.05,0,298,4,5,345.87,11.12,0.5,194.98,-1.06,1.04,1.16,143,133.8,1,0,9.95,123.59,0.25,38018.54
Vincent Keymer,137.8,1.11,2635,60.9,11,6,152.4,0.74,2649,534,5,6,15.68,35.67,0.97,94.69,-1.07,0.94,1.26,146.1,130.9,3,3,12.25,1272.62,0.94,8965.67
Erzhan Zhakshylykov,137.2,1.11,2106,18.84,10,5.5,138,1.24,2235,474,5,5,16.22,19.73,0.55,9.39,-1.1,1.06,1.16,133.7,140.7,1.5,4,11.12,389.4,0.3,88.16
Stavroula Tsolakidou,132.2,1.11,2309,21,12,5.5,132,1.29,2394,521,6,6,19.1,23.84,0.75,20.94,-1.36,1.18,1.03,130.5,134,3,2.5,13.3,568.22,0.56,438.28
Jonas Eilenberg,128.7,1.11,1937,63.37,7,2,136,0.65,2279,302,2,5,20.35,43.43,1.29,94.83,-1.56,2.64,0.5,81.2,147.7,0.5,1.5,7.76,1886.12,1.66,8992.87
David Muradyan,144.6,1.13,1921,61.85,11,6,145.6,0.87,0,492,6,5,12.61,16.53,0.9,134.28,-0.7,1.46,0.75,140,150.3,4,2,12.48,273.32,0.81,18030.27
Nilufarkhon Imomkuzieva,134.6,1.13,1845,79.34,12,8,150.6,0.96,1943,610,7,5,28.41,28.44,0.69,118.1,-1.24,0.95,1.38,146.2,118.5,5.5,2.5,13.55,808.59,0.47,13947.9
Nikita Vitiugov,139.7,1.14,2648,30.56,11,6.5,154.9,1.02,2590,493,8,3,14.88,33.72,1.25,40.98,-0.96,0.88,1.81,147,120.5,5.5,1,12.5,1136.88,1.57,1679.43
Mikey J Watson,138.2,1.14,1445,95.47,11,7,157.6,0.73,1914,525,6,5,14.3,32.73,1.24,258.51,-1.04,1.44,0.77,134,143.3,5,2,12.49,1071.07,1.54,66829.56
David Navara,134.4,1.14,2471,32.01,12,6,139.2,0.82,2671,575,6,6,18.92,28.68,0.83,56.58,-1.25,1.21,1.07,130.4,138.3,2.5,3.5,13.69,822.54,0.69,3201.74
Jan Klimkowski,133.9,1.14,2394,55.36,12,6,135.6,1.06,2416,707,6,6,17.63,19.6,0.66,89.35,-1.27,0.85,1.43,142.8,125.1,3.5,2.5,13.63,384.09,0.44,7984.24
Dinara Wagner,131,1.14,2354,30.32,10,5,137,1.08,2372,460,4,6,19.16,32.9,0.93,44.19,-1.44,0.76,1.39,145,121.6,2.5,2.5,11.42,1082.4,0.87,1952.76
Marcus R Harvey,130.9,1.14,2390,79.59,11,4,129.6,0.95,2460,552,6,5,27.39,21.95,0.82,99.92,-1.44,1.4,0.83,121.4,142.3,0.5,3.5,12.55,481.7,0.67,9984.3
Gennadij Sagalchik,137.8,1.15,1991,38.62,6,0.5,140.6,0.92,0,164,3,3,31.94,9.89,0.58,21.91,-1.07,1.31,0.99,133.4,142.2,0,0.5,6.9,97.86,0.33,480.16
Divya Deshmukh,136.6,1.15,2415,31.03,12,8,153.1,0.93,2386,581,6,6,14.08,29.03,0.89,61.41,-1.13,0.91,1.4,148.3,124.9,5,3,13.85,842.7,0.79,3770.57
Islam Aiten,131.8,1.15,1828,114.6,12,8,143.4,1,2037,590,7,5,24.28,33.09,0.86,147.45,-1.39,1.01,1.34,135,127.2,4.5,3.5,13.8,1094.66,0.74,21740.6
Audrey Kueh,127.4,1.15,1974,20.42,10,3.5,132.8,1.11,2098,431,5,5,20.8,20.03,0.64,6.83,-1.63,1.52,0.78,114.4,140.5,1.5,2,11.51,401.23,0.41,46.67
Bohdan Lobkin,127.1,1.15,1764,102.58,12,7,147.4,0.72,1902,590,6,6,16.29,41.94,1.11,240.37,-1.64,0.86,1.44,136.3,117.8,4.5,2.5,13.83,1759.2,1.24,57777.67
Yossi Raiko,118.4,1.15,1578,25.42,6,1,123.4,0.92,1911,238,2,4,26.3,32.47,1.05,15.47,-2.11,0.6,1.42,135.2,110,0,1,6.89,1054.32,1.1,239.41
Adam Kozak,137.4,1.16,2446,38.72,11,6.5,150.8,0.94,2577,521,5,6,9.94,31.42,1.17,81.98,-1.09,0.51,1.71,158.8,119.6,4.5,2,12.81,987.53,1.38,6720.71
Ameet K Ghasi,136.7,1.16,2571,83.6,11,6,149,0.66,2483,554,6,5,17.18,26.78,0.93,118.94,-1.12,1.25,1.06,134.3,139.7,3.5,2.5,12.8,717.31,0.87,14145.61
Alexei Shirov,132.4,1.16,2521,21.01,10,5,122,1.24,2707,537,5,5,16.87,25.37,0.85,14.32,-1.35,1.2,1.13,135.1,129.8,3,2,11.64,643.81,0.72,205.08
Ritvars Reimanis,124.4,1.16,2208,104.66,11,2.5,136.2,1.04,2331,514,5,6,37.5,29.71,0.83,114.71,-1.79,0.66,1.57,141.7,109.9,1.5,1,12.73,882.48,0.69,13158.82
Sumiya Bilguun,137.6,1.17,2444,44.66,12,8,140.7,0.85,2438,642,6,6,21.24,20.35,0.81,84.44,-1.08,1.28,1.06,134.7,140.4,3.5,4.5,14.07,414.04,0.66,7130.33
Suleiman Nurakyn,132.2,1.17,1818,45.71,12,8.5,140.1,1.01,1880,561,6,6,17.19,27.77,0.91,83,-1.37,1.24,1.1,128.6,135.8,3.5,5,14.07,770.95,0.83,6889.76
Afruza Khamdamova,128.4,1.17,2355,57.99,10,5.5,133.8,1.18,2406,517,5,5,16.18,35.31,0.95,96.37,-1.57,0.75,1.59,140.5,116.4,3,2.5,11.69,1247,0.89,9287.68
Daniyal Sapenov,139.1,1.18,2450,60.45,6,4,136.2,1.08,2325,290,4,2,16.77,15.31,0.32,111.67,-1,1.15,1.23,138.4,140.4,2.5,1.5,7.05,234.37,0.1,12469.84
Davaademberel Nomin-Erdene,133.1,1.18,2191,118.57,11,7,155.2,0.89,2239,543,5,6,22.34,31.15,0.75,151.32,-1.32,1.37,1.02,123.8,140.8,3,4,12.96,970.38,0.56,22897.47
Matthew J Turner,131.3,1.18,2325,58.2,9,5,131.5,1.23,2506,397,4,5,18.23,27.73,1.04,107.05,-1.42,1.19,1.16,128.1,133.8,1.5,3.5,10.58,769.06,1.07,11459.87
Leon Luke Mendonca,141.7,1.19,2663,36.34,8,5.5,146.6,1.12,2477,443,4,4,13.7,18.88,0.68,45.79,-0.86,1.4,0.99,140.2,143.1,3.5,2,9.54,356.43,0.46,2097.1
Benjamin Gledura,139.7,1.19,2601,-1.8,11,7.5,153.5,0.84,2575,509,5,6,15.1,28.17,0.8,72.51,-0.96,1.35,1.06,136.6,142.3,3.5,4,13.06,793.32,0.64,5258.35
Luke J McShane,132.3,1.19,2405,74.19,9,2,131.4,1.05,2702,486,5,4,24.25,21.63,0.77,111.06,-1.36,1.36,0.97,126.3,139.9,1,1,10.68,467.98,0.6,12333.26
Ediz Gurel,139.7,1.2,2627,13.23,12,8.5,147,1.2,2452,706,7,5,13.7,21.46,0.54,30.68,-0.96,1.17,1.25,137.2,143,4.5,4,14.41,460.32,0.29,941.12
Munguntuul Batkhuyag,138.9,1.2,2213,46.85,12,8,147,1,2291,579,6,6,19.16,22.33,0.84,63.71,-1,0.75,1.66,149.2,128.6,4,4,14.46,498.74,0.71,4058.52
Turmunkh Munkhzul,132.7,1.2,1870,21.63,11,4.5,135,1.16,2357,499,6,5,20.7,21.84,0.75,10.07,-1.34,1.04,1.4,131.4,134.3,2.5,2,13.22,477.08,0.57,101.45
David L Haydon,131.9,1.2,2394,94.64,7,4,131.3,1.08,2292,417,4,3,12,21.39,0.88,165.09,-1.38,1.29,1.09,131.5,132.4,2.5,1.5,8.42,457.5,0.78,27254.67
Sarah N Longson,114,1.2,1631,63.77,6,0,113.4,1.23,2045,202,3,3,42.54,22.68,0.61,59.73,-2.35,1.37,1.04,108.1,119.9,0,0,7.23,514.39,0.38,3567.66
Lara Schulze,127.3,1.21,2193,16.36,9,4.5,130.4,1.07,2211,586,5,4,19.11,27.03,0.84,11.67,-1.63,0.71,1.82,140.4,111,2.5,2,10.85,730.81,0.7,136.14
Stepan Zaiarski,126.6,1.21,1749,90.64,10,6,143.6,0.81,1764,511,4,6,32.24,46.63,1.27,109.97,-1.67,1.8,0.82,105,141,2,4,12.12,2174.42,1.61,12093.81
Jakub Seemann,135.5,1.22,2481,61.95,12,8,141.6,0.97,2392,542,6,6,21.01,24.73,0.86,106.87,-1.19,1.25,1.19,135.6,135.4,4,4,14.61,611.33,0.75,11420.55
Sumiya Chinguun,134.5,1.22,2274,19.13,11,5,134.2,1.27,2271,555,6,5,17.09,18.31,0.53,9.56,-1.24,1.14,1.32,137.9,130.4,3,2,13.43,335.41,0.28,91.35
Khuyagtsogt Itgelt,135.3,1.23,2171,41.71,11,6,147.6,0.9,2216,571,6,5,20.98,29.97,0.73,71.35,-1.2,1.4,1.03,125,147.7,3,3,13.54,898.29,0.53,5091.19
Annmarie Muetsch,126.9,1.23,1719,78.02,10,2.5,127.9,1.02,2188,406,5,5,29.32,26.12,0.63,159.8,-1.65,1.37,1.08,113.6,140.2,0,2.5,12.27,682.09,0.4,25536.92
Jonathan F Parker,121.8,1.23,2089,53.22,6,1.5,138.1,0.68,2506,293,4,2,21.81,45.65,1.22,90.04,-1.92,1.18,1.34,123.8,117.9,1,0.5,7.39,2083.6,1.48,8107.48
Dmitry Atlas,141.4,1.24,1863,88.4,9,4.5,144,0.78,2107,407,3,6,20.78,24.34,0.98,194.88,-0.87,0.51,1.6,159.2,132.5,2,2.5,11.12,592.36,0.96,37979.41
Eldiyar Orozbaev,131.3,1.24,1936,51.5,10,5,133.7,1.18,2376,491,6,4,24.1,32.22,0.99,94.97,-1.42,0.88,1.77,143.2,113.4,3,2,12.36,1037.95,0.98,9018.78
Eran Lapushnian,121.3,1.24,1533,74.11,6,2.5,129,1.2,1916,270,4,2,25.64,39.36,0.94,109.01,-1.96,1.14,1.44,124.9,114.1,2,0.5,7.45,1549.1,0.88,11882.77
Csaba Balogh,132.1,1.25,2339,83.11,7,4,135.9,1.09,2609,296,4,3,19.38,28.45,0.75,104.93,-1.37,0.92,1.69,144.3,115.9,2.5,1.5,8.77,809.27,0.56,11011.06
Uurtsaikh Uuriintuya,131.3,1.25,2206,99.56,11,6.5,128.7,1.25,2239,547,6,5,25.35,20.73,0.58,177.82,-1.42,1.37,1.11,130.4,132.3,4.5,2,13.74,429.78,0.34,31619.76
Qianyun Gong,127.3,1.25,2249,86.72,12,7,124.2,1.01,2220,664,6,6,24.08,28.86,0.85,124.33,-1.63,0.82,1.68,141.5,113.1,4.5,2.5,15,832.77,0.72,15458.8
Jude Shearsby,126.3,1.25,2236,71.26,8,3,131.8,1.01,2090,449,5,3,19.73,30.81,1.1,103.44,-1.68,0.58,2.36,145.7,94.1,1.5,1.5,10,949.52,1.21,10699.7
Marsel Efroimski,121.1,1.25,2142,51.26,7,2,123.4,1.13,2337,314,5,2,26.25,38.03,0.87,75.09,-1.97,0.99,1.9,126.9,106.6,1,1,8.78,1446.23,0.76,5638.19
Atilla Kuru,129.1,1.26,2073,52.97,12,7,132.9,1.5,1972,543,5,7,14.6,28.17,0.83,121.1,-1.53,1.36,1.2,124.9,132.1,2.5,4.5,15.18,793.57,0.69,14665.78
Peter T Roberson,126.8,1.26,2249,84.7,11,3.5,138.5,1.07,2372,470,5,6,28.34,28.27,0.75,104.55,-1.66,1.22,1.3,117,134.9,0,3.5,13.85,799.14,0.56,10930.4
Borna Derakhshani,126.5,1.26,2339,58.96,6,1.5,138.4,0.91,2240,283,3,3,20.02,36.43,0.95,93.05,-1.68,1.73,0.79,117.5,135.5,1.5,0,7.55,1327.25,0.9,8657.72
Maciej Czopor,121.8,1.26,2275,97.51,11,4.5,135,0.7,2382,560,6,5,26.84,46,1.24,123.54,-1.93,1.56,0.9,117,127.5,2.5,2,13.85,2115.89,1.54,15262.22
Alan Pichot,131.4,1.27,2526,50.6,12,5.5,133.8,1.28,2564,532,5,7,21.28,27.39,0.73,78.45,-1.41,1.03,1.44,142.5,123.5,2.5,3,15.22,750.09,0.54,6153.92
Elliot McCallum,130,1.27,1376,106.89,10,4,132.7,1.1,1831,541,5,5,28.06,21.81,0.87,172.78,-1.49,1.14,1.39,135.9,124.1,3,1,12.69,475.87,0.75,29854.41
Banele Mhango,136.6,1.28,2157,66.86,11,8.5,137.3,1.2,2136,641,5,6,17.79,16.16,0.76,119.81,-1.13,1.3,1.26,137.3,136.1,3,5.5,14.04,261.01,0.57,14354.54
Mohd Al-Mudahka,127.6,1.28,2281,18.82,11,5.5,131,0.95,2479,658,6,5,14.11,35.02,0.97,11.39,-1.62,1.49,1.03,119.3,137.6,3,2.5,14.1,1226.32,0.94,129.74
Gergely Kantor,126.9,1.28,2234,46.44,12,5.5,125.8,1.27,2545,598,7,5,21.74,28.48,0.92,67.99,-1.65,1.03,1.63,132.8,118.7,3,2.5,15.37,810.91,0.84,4622.11
Marcos Camacho Collados,126.5,1.28,2355,35.4,12,6.5,128.9,1.5,2365,619,7,5,20.79,26.28,0.88,52.05,-1.68,1.15,1.47,130.5,120.9,4,2.5,15.39,690.8,0.78,2709.02
Zsoka Gaal,127.6,1.3,2294,175.6,12,7.5,133.2,1.01,2218,707,6,6,170.94,33.05,1.15,164.67,-1.62,1.14,1.46,138.2,117,6,1.5,15.55,1092.42,1.32,27114.57
Andreea Navrotescu,124.8,1.3,2209,79.11,11,4.5,124.2,1.29,2195,464,6,5,25.46,19.26,0.59,100.47,-1.77,1.46,1.11,123.6,126.1,3,1.5,14.34,370.84,0.35,10094.25
Tuan Minh Le,130,1.31,2545,10.53,11,8,158.1,0.57,2503,601,7,4,9.55,56.52,1.87,11,-1.48,1.84,0.39,116.7,153.4,5,3,14.42,3194.28,3.51,121.05
Alexander Shabalov,126.1,1.31,2387,39.58,10,5,139.8,0.91,2526,359,5,5,19.94,39.2,0.93,52.84,-1.69,1.56,1.05,110.1,142.2,1.5,3.5,13.05,1536.3,0.86,2791.59
Stephen Dishman,121.4,1.31,1708,78.35,8,2,134.3,1.09,2266,416,3,5,20.64,35,0.69,90.42,-1.95,1.13,1.41,134.5,113.5,1.5,0.5,10.46,1224.98,0.47,8176.43
Wadim Rosenstein,118.5,1.31,1459,141.54,12,4,124.4,1.21,1704,623,6,6,42.39,39.76,0.94,237.38,-2.1,1.42,1.19,112.2,124.8,1.5,2.5,15.7,1580.82,0.88,56346.94
Amina Kairbekova,128.6,1.32,2278,46.14,7,4,153.8,1.11,2280,325,3,4,16.26,43.64,0.99,73.64,-1.56,1.33,1.32,128.8,128.4,1.5,2.5,9.27,1904.85,0.97,5422.42
Ngoc Hai-Dang Ho,115.4,1.32,1862,75.62,7,1.5,115.8,1.18,1981,332,2,5,35.36,21.41,0.52,86.9,-2.28,1.82,1.11,100.5,121.3,0.5,1,9.21,458.52,0.27,7551.03
Marta Garcia Martin,126.2,1.33,2239,125.32,11,8.5,157.6,0.81,2262,449,6,5,26.03,41.08,1.11,187.44,-1.69,1.14,1.56,132.3,118.9,5.5,3,14.66,1687.9,1.24,35134.59
Ali Aras Yildiz,123.6,1.33,1800,27.55,12,7.5,145.8,0.66,1835,665,5,7,12.34,45.71,1.29,36.98,-1.83,2.28,0.65,96.4,143,3.5,4,15.99,2089.18,1.66,1367.82
Alexander Reprintsev,122.5,1.33,2214,60.5,6,3,138.5,0.88,2299,325,3,3,17.05,43.26,1.09,112.23,-1.89,2.03,0.63,100.1,144.9,1.5,1.5,7.97,1871.82,1.19,12595.23
Ali Mortazavi,121.8,1.34,1978,23.22,7,2.5,131.7,1.12,2392,294,2,5,22.46,32.41,0.73,12.77,-1.93,1.03,1.46,128.8,119,0.5,2,9.37,1050.13,0.54,163.1
Sabrican Onay Yontar,119.1,1.34,1905,110.76,8,4.5,114.2,1.42,1870,388,5,3,16.88,36.3,1.03,174.75,-2.08,1.18,1.62,124,110.8,2.5,2,10.75,1317.38,1.07,30537.46
Alfred Soulier,125.9,1.35,1972,119.23,7,5,132.3,0.77,2042,379,3,4,29.15,33.18,1.09,128.89,-1.71,1.69,1.09,111.7,136.4,2,3,9.42,1101.15,1.19,16612.16
Jorden Van Foreest,132.1,1.36,2628,76.62,12,6,132.1,1.38,2640,607,6,6,22.04,26.21,0.99,148.87,-1.37,1.27,1.45,134.5,129.7,3,3,16.31,687.22,0.98,22162.65
David George Samir,128.2,1.36,2153,96.94,11,7.5,138.5,1.06,2234,581,6,5,18.54,40.43,1.24,127.81,-1.58,1.71,0.94,115,144,3.5,4,14.97,1634.19,1.54,16335.48
Zisis Tsaknakis,130.6,1.37,2304,47.89,10,6.5,129.8,1.18,2130,545,5,5,20.27,24.73,0.78,55.09,-1.46,1.36,1.38,122.4,138.7,2,4.5,13.69,611.37,0.62,3034.59
Anna Zatonskih,119.5,1.37,2120,114.59,12,5,131.3,1.22,2255,541,6,6,22.5,40.33,1.13,240.02,-2.05,1.66,1.08,119.2,119.8,4,1,16.45,1626.62,1.27,57608.58
Joel Bird,114.1,1.37,1820,125.75,6,1.5,117.2,1.27,1927,285,3,3,26.3,31.86,0.73,166.83,-2.35,1.18,1.56,120.4,107.8,0.5,1,8.21,1014.92,0.54,27833.71
Dion Krivenko,112.8,1.37,1878,108.78,8,0.5,111.6,1.33,2221,335,4,4,28.95,25.56,0.65,171.82,-2.41,1.44,1.31,107.4,118.2,0,0.5,10.99,653.19,0.42,29520.98
Naranbold Sodbilegt,123.6,1.38,2166,20.56,12,8,141.2,1.24,1946,579,6,6,17.36,39.71,1.25,16.27,-1.83,0.72,2.03,142.8,104.4,4.5,3.5,16.52,1576.53,1.57,264.86
Eric Hansen,120.6,1.38,2324,59.41,9,4,118.4,1.6,2582,383,5,4,15,30.12,0.96,125.76,-1.99,0.96,1.89,134.9,102.7,3,1,12.38,907.1,0.92,15814.56
David R Norwood,146.8,1.39,2599,28.53,8,6.5,146.4,1.32,0,413,6,2,21.26,8.93,0.57,33.43,-0.58,1.56,0.88,145.5,150.6,5.5,1,11.13,79.82,0.33,1117.29
Max Pert,124.1,1.39,2116,128.92,6,3,132.2,1.35,1940,299,2,4,112.6,29.98,0.67,119.42,-1.8,1.21,1.48,132.2,120.1,1,2,8.35,898.62,0.45,14260.04
Sohum Lohia,120.2,1.39,2187,16.03,12,6,130.8,1.02,2097,652,7,5,14.5,41.87,1.24,10.51,-2.01,1.74,0.9,111.1,133.1,3.5,2.5,16.69,1753.03,1.54,110.46
Nodirbek Abdusattorov,138.7,1.4,2774,34.66,12,8,141.4,1.25,2732,806,5,7,14.14,18.47,0.63,55.45,-1.02,1.08,1.64,145.2,134.1,3,5,16.86,341.04,0.4,3074.42
Trevor Vincent,132.1,1.4,1976,106.97,11,3,134.6,1,2226,444,5,6,33.38,22.37,0.92,136.52,-1.37,0.96,1.77,141.4,124.5,1,2,15.4,500.23,0.84,18637.08
Shreyas Royal,123.2,1.4,2358,137.78,8,3.5,117.9,1.41,2372,409,4,4,38.04,31.05,0.84,187.54,-1.85,1.96,0.83,99.4,147,0.5,3,11.16,964.17,0.7,35169.68
Theodor Stein,116,1.41,1571,174.91,7,1,126,1.23,1933,407,5,2,23.21,23.99,0.81,227.7,-2.24,1.55,1.05,114.2,120.3,1,0,9.87,575.54,0.66,51847.4
Georgiana-Steluta Morea,122.7,1.43,1680,91.39,11,5.5,130.5,1.45,1929,512,5,6,30.2,27.02,0.84,129.67,-1.88,1.12,1.69,131.9,115.1,3,2.5,15.72,730.25,0.7,16813.12
Kazybek Nogerbek,135.4,1.45,2648,33.19,12,8,140.2,1.08,2531,617,6,6,19.22,21.34,0.84,47.88,-1.2,1.53,1.36,137.1,133.6,5,3,17.36,455.43,0.7,2292.8
Andre Kunz,124.7,1.45,2091,58.21,7,1.5,126.8,1.08,2128,330,2,5,26.44,30.71,0.8,101.9,-1.77,1.37,1.49,136.8,119.8,0.5,1,10.18,943.01,0.63,10384.54
Eline Roebers,124.5,1.45,2297,19.3,12,7,132.5,0.98,2404,640,6,6,17.77,32.76,0.92,8.54,-1.78,1.42,1.47,123.5,125.5,3,4,17.35,1073.18,0.85,72.98
Emir Beknazarov,117.4,1.45,1820,123.09,7,2,129.3,1.42,1870,265,3,4,49.58,34.96,0.83,139.05,-2.17,1.33,1.54,136,103.4,2,0,10.16,1222.31,0.69,19335.14
Boris A Zlotnik,117,1.45,1622,114.37,7,2,118.7,1.17,2349,418,4,3,30.97,37.28,0.7,120.59,-2.19,1.01,2.05,142.3,83.2,2,0,10.17,1389.71,0.49,14542.98
Maxim Rodshtein,126.5,1.46,2519,37.6,10,5,131.2,1.4,2603,486,5,5,23.42,30.33,0.91,49.37,-1.68,1.15,1.77,140.7,112.2,3.5,1.5,14.62,919.68,0.82,2437.85
Platon Kiritshenko,121.7,1.47,1659,134.18,8,4.5,110.4,1.54,1732,372,4,4,26.06,35.74,0.89,271.36,-1.93,1.43,1.51,123.4,120,2.5,2,11.77,1277.5,0.8,73636.79
Carmel Barwick,134.2,1.49,1230,126.18,10,3.5,134.6,1.2,1915,491,5,5,29.64,23.79,1.08,175.54,-1.26,1.73,1.24,132.1,136.3,2.5,1,14.86,566.02,1.17,30814.02
Sarbartho Mani,121.5,1.49,1811,36.88,12,7.5,120.6,1.62,1871,588,6,6,19.06,36.93,1.06,53.84,-1.94,1.23,1.74,129.5,113.5,4.5,3,17.83,1363.52,1.11,2898.49
Leonid Volkov,117.3,1.49,1621,111.96,12,6.5,120.8,1.35,1833,623,6,6,27.78,35.47,0.94,136.1,-2.17,1.57,1.4,116.6,118.1,4.5,2,17.84,1258.32,0.89,18522.15
Pavel Eljanov,121.5,1.5,2445,77.65,9,3.5,120.8,1.46,2614,519,5,4,20.71,32.79,0.93,106.14,-1.95,1.24,1.83,130.1,110.8,2.5,1,13.51,1074.91,0.87,11266.56
Lucas Torres,115.4,1.5,1692,81.3,12,6,117.8,1.36,2031,566,7,5,37.42,45.87,1,81.39,-2.27,1.47,1.55,119.6,109.6,3.5,2.5,18.03,2104.48,1,6623.9
Mei-En Emmanuelle Hng,115.2,1.5,1968,70.57,10,3.5,126.6,1.22,1994,511,5,5,28.84,31.37,0.98,108.78,-2.28,0.98,2.02,131.7,98.7,1.5,2,14.97,984.39,0.97,11833.15
Jonah B Willow,114.1,1.5,2152,45.25,11,4,116.8,1.42,2322,547,5,6,29.57,37.06,0.99,51.4,-2.34,1.17,1.77,125.9,104.2,2.5,1.5,16.48,1373.1,0.97,2641.67
Qixuan Han,116.7,1.51,1672,105.94,11,6,132.8,1.11,1831,499,5,6,30.76,45.79,1.31,142.4,-2.2,1.09,1.87,126,108.8,2.5,3.5,16.64,2096.5,1.72,20278.47
Arthur Kogan,119.3,1.53,2338,77.31,8,2.5,121.6,1.28,2455,340,4,4,26.17,25.32,0.65,136.41,-2.06,1.56,1.5,117.6,121,1,1.5,12.25,641.04,0.42,18608.06
Assel Lesbekova,117.9,1.54,1592,225.58,6,2,121.6,1.43,2004,266,3,3,117.79,19.84,0.55,260.65,-2.14,1.56,1.52,121.6,114.1,1,1,9.22,393.71,0.31,67937.46
Natasha K Regan,112.9,1.54,1781,311.07,9,3.5,109.6,1.3,1905,420,4,5,428.89,28.26,0.96,282.26,-2.41,1.3,1.73,112.6,113,1,2.5,13.88,798.79,0.91,79667.92
Yuanyuan Xu,122.7,1.55,2321,71.98,10,5,128.1,1.44,2251,523,4,6,26,29.4,1.02,118.23,-1.88,2.2,1.12,107.5,132.9,3,2,15.52,864.39,1.03,13979.29
Patryk Cieslak,123.5,1.58,2393,64.33,12,8.5,128.2,1.42,2220,786,6,6,18.37,38.37,1.04,92.09,-1.84,1.2,1.96,137.7,109.4,4.5,4,18.99,1472.55,1.08,8480.5
Magdalini Mihailidou,114.8,1.59,1545,179.43,7,2.5,119.5,1.17,1822,310,2,5,219.32,42.92,1.2,175.37,-2.31,1.93,1.46,95.5,122.5,1,1.5,11.15,1841.99,1.45,30755.84
Daniel Howard Fernandez,115.8,1.61,2296,54.3,10,3,107.2,1.72,2380,522,5,5,28.58,27.84,0.96,69.18,-2.25,1.64,1.58,112.4,119.3,1,2,16.07,775.24,0.93,4785.9
Zalkar Kurbanbaev,112.2,1.61,2201,76.22,7,2,113.5,1.65,1848,348,4,3,35,36.66,0.89,121.89,-2.44,1.54,1.71,122.4,98.7,2,0,11.29,1343.79,0.79,14858.2
Harold Wanyama,108.1,1.61,2096,72.27,11,3,108.9,1.4,2246,463,5,6,35.67,43.83,1.13,92.47,-2.67,1.68,1.55,100.2,114.7,1,2,17.67,1921.13,1.27,8551.23
Michael Ziems,111.3,1.62,1792,128.02,9,4,111.3,1.42,1890,505,5,4,30.07,37.2,1.06,177.78,-2.49,1.39,1.9,117.3,103.8,2,2,14.57,1383.83,1.11,31606.18
Noam Sason,107.8,1.62,2080,86.07,8,2,110.2,1.51,2077,422,4,4,37.89,38.03,1.09,103.16,-2.68,1.56,1.69,102.9,112.6,0,2,12.98,1446.11,1.18,10642.12
Bodhana Sivanandan,112.8,1.63,1780,91.89,10,3.5,126.2,1.44,2052,535,7,3,24.43,43.37,0.99,148.36,-2.41,1.18,2.69,129.7,73.5,2.5,1,16.34,1881.25,0.98,22009.43
Cristian Araya Fuentes,109.1,1.63,1724,46.97,11,4,121.4,1.55,1945,435,5,6,22.8,49.26,1.2,67.58,-2.62,1.54,1.7,116.3,103,2.5,1.5,17.93,2426.09,1.43,4567.53
Aldiyar Sailaubay,115.5,1.65,1691,40.13,12,5.5,120.4,1.24,1831,622,6,6,25.04,39.56,1.04,51.55,-2.27,1.85,1.46,107.7,123.3,3,2.5,19.84,1564.63,1.08,2657.88
Keti Tsatsalashvili,109,1.66,2080,26.35,10,4,132,1.34,2254,512,5,5,23.88,50.91,1.28,76.01,-2.62,1.56,1.75,105.4,112.6,1.5,2.5,16.58,2591.98,1.63,5776.82
Valeriu Mindru,105.7,1.66,1344,30,6,2,115.5,1.38,1840,215,5,1,30.53,57.44,1.56,13.35,-2.8,1.89,0.54,99.4,137.5,2,0,9.97,3299.59,2.44,178.3
Sofia Blokhin,107,1.67,1989,72.66,8,2,110.8,1.64,2099,446,4,4,40.17,31.81,0.86,63.69,-2.73,1.71,1.62,113.4,100.5,2,0,13.33,1012.14,0.74,4056.9
Ilya Gurevich,132.2,1.7,2306,52.92,6,2,129,1.96,0,283,4,2,23.21,19.13,0.89,74.88,-1.37,1.52,2.07,138.8,119.2,2,0,10.2,365.99,0.8,5606.9
Aziz Degenbaev,108.7,1.71,2179,142.73,9,3,132,1.51,2252,466,4,5,40.42,49.38,1.48,160.93,-2.63,2.21,1.31,90.8,123,1.5,1.5,15.37,2438.41,2.19,25899.06
Sami Mortazavi,112.2,1.72,1668,88.86,11,5.5,122.4,1.57,1714,468,5,6,35.71,40.77,1.01,161.91,-2.45,2.11,1.4,90.7,130.1,1.5,4,18.93,1662.42,1.01,26216.15
Zoe Veselow,120.7,1.75,2104,1.24,6,5,149,1.23,1775,267,2,4,23.32,64.32,1.71,62.09,-1.99,1.06,2.1,137.9,112.1,1.5,3.5,10.52,4137.1,2.91,3855.45
August Jalving,104.3,1.75,1839,77.73,10,4,121.1,1.75,1893,560,5,5,23.04,51.37,1.25,135.57,-2.87,2.1,1.41,83,125.5,1,3,17.54,2638.98,1.55,18379.91
Martin Yatskar,108,1.76,2216,41.48,7,2,110,1.88,2223,307,5,2,40.69,18.25,0.7,14.41,-2.67,1.44,2.55,115.5,89.3,1,1,12.32,333.08,0.49,207.73
Elim Keneshbekov,101.8,1.76,1885,26.6,6,1.5,98.4,1.69,1832,320,3,3,29.62,37.84,0.79,8.84,-3.01,1.57,1.94,106.2,97.3,0.5,1,10.54,1432.17,0.62,78.08
Gennadie Slavin,126.8,1.78,2030,49.28,9,3.5,134.9,1.71,2207,359,3,6,30.79,17.27,0.91,68.63,-1.66,1.9,1.72,126.8,126.8,2,1.5,16.04,298.41,0.83,4710.73
Emir Sharshenbekov,109.9,1.82,1731,85.88,6,2,124.2,1.7,2265,285,3,3,50.74,34.91,0.82,80.18,-2.57,1.8,1.84,126,93.9,2,0,10.93,1218.42,0.68,6428.06
Gautam Jain,105.8,1.82,1921,79.52,8,5,132.4,1.16,1918,388,4,4,24.28,65.42,1.69,104.76,-2.79,1.68,1.96,115.2,96.5,3.5,1.5,14.59,4280.23,2.84,10975.04
Nadia Jaufarally,95.5,1.82,1342,88.93,8,0.5,105.5,1.48,1901,349,4,4,33.34,42.12,1.19,110,-3.35,2.3,1.33,78.9,112.1,0.5,0,14.52,1774.21,1.41,12099.94
Imogen A L Camp,108.6,1.83,1348,33.02,8,2.5,105.7,1.41,1805,361,4,4,28.54,36.78,1.26,82.84,-2.64,2.18,1.49,104.9,112.4,1.5,1,14.66,1352.44,1.6,6862.48
Deborah Ebimobo-ere QUICKPEN,102.6,1.83,1911,229.92,11,3.5,120.8,1.25,2077,601,6,5,38.56,38.15,1.19,359.01,-2.97,1.66,2.04,112.2,91,2.5,1,20.13,1455.17,1.42,128886.19
Aizhan Sezdbekova,112,1.85,1749,169.85,7,4.5,131.5,1.97,1793,316,4,3,29.92,59.58,1.42,285.78,-2.46,2.36,1.18,93.6,136.7,2,2.5,12.97,3549.27,2.02,81671.59
Matthew Dishman,98.1,1.85,1807,110.56,6,2.5,96.1,2.05,1901,291,3,3,46.94,33.22,1.03,113.54,-3.21,1.56,2.15,99.2,97,1,1.5,11.12,1103.46,1.06,12891.62
Johannes Florstedt,103.8,1.86,2127,55.3,9,2.5,89.3,2.28,2334,404,4,5,32.28,39.68,1.05,75.43,-2.9,1.5,2.14,115,94.8,1,1.5,16.7,1574.26,1.1,5689.58
Almos Kiran Marton-John,98.1,1.88,1703,89.36,12,4,119.5,1.36,1909,701,6,6,28.71,55.4,1.34,139.2,-3.21,1.76,2,108.1,88.1,2.5,1.5,22.53,3069.41,1.81,19375.72
Yuri Dr Agafonov,97.6,1.89,1933,26.45,8,3.5,115.8,1.39,1987,379,4,4,17.62,59.26,1.58,21.55,-3.23,2.53,1.25,78.4,116.7,1.5,2,15.12,3511.98,2.5,464.44
Genden Enkhbayar,121.5,1.9,1537,151.2,12,3.5,131,1.94,1837,626,6,6,124.28,33.49,1.17,132.81,-1.95,2.14,1.66,111.5,131.4,1.5,2,22.81,1121.74,1.36,17637.43
Nikola Stojsin,106.7,1.92,1711,157.46,11,5.5,116.9,1.55,1789,523,5,6,58.65,42.34,1.25,190.04,-2.74,2.02,1.83,104.1,108.8,3,2.5,21.1,1792.87,1.56,36116.72
Wojciech Smolinski,97.8,1.98,1828,62.97,12,5.5,107.2,1.64,1929,592,6,6,30.46,45.68,1.25,87.58,-3.22,2.04,1.92,94.8,100.8,2,3.5,23.71,2086.76,1.56,7670.92
Frankie Badacsonyi,105.2,2.01,1798,19.35,6,2.5,118.6,1.84,1947,327,3,3,13.14,59.25,1.74,16.51,-2.82,2.63,1.39,90.6,119.8,1.5,1,12.07,3510.38,3.03,272.51
Kamila Hryshchenko,100.3,2.04,2227,101.34,11,6.5,72.5,2.37,2054,523,5,6,31.4,45.12,1.3,154.03,-3.09,1.29,2.66,120.9,83.1,3,3.5,22.44,2035.94,1.7,23725.9
Robert Ruck,106.9,2.06,2379,17.6,6,3,129.7,1.63,2460,379,3,3,9,76.3,2.22,15.3,-2.73,0.92,3.2,143.6,70.2,1.5,1.5,12.34,5822.37,4.92,234.05
Alina Rath,100.5,2.06,2044,110.58,9,4.5,107.3,1.5,2038,524,4,5,30.58,55.72,1.22,155.3,-3.08,1.99,2.12,104.2,97.6,2,2.5,18.56,3105.27,1.49,24119.22
James Moreby,93.8,2.08,2104,43.89,7,2,102.2,1.55,2210,383,4,3,22.19,51.68,1.5,39.22,-3.44,2.07,2.08,94.1,93.3,1,1,14.53,2670.97,2.24,1538.25
Aimonchok Zhunusbekova,102.4,2.12,1660,151.09,7,4.5,103.2,1.47,1716,297,2,5,48.74,57.96,1.43,214.11,-2.98,1.17,2.5,130.4,91.2,1,3.5,14.85,3359.56,2.03,45843.47