Player,avg_missed_points,avg_gi,avg_missed_points,TPR,total_game_count,Points,gi_median,missed_points_median,Elo,,total_moves,White_games,Black_games,acpl_median,gi_std,missed_points_std,acpl_std,avg_gi_raw,avg_missed_points_white,avg_missed_points_black,avg_gi_white,avg_gi_black,white_result_sum,black_result_sum,total_missed_points_sum,gi_var,missed_points_var,acpl_var
Alireza Firouzja,0.54,158.1,0.54,3002,8,7,166.2,0.24,2798,,334,3,5,10.62,16.99,0.81,73.06,0.02,0.95,0.3,149.8,163,2.5,4.5,4.33,288.61,0.66,5337.5
Matthias Bluebaum,0.4,157.4,0.4,2734,16,13.5,159.8,0.33,2618,,656,10,6,7.44,9.11,0.46,31.2,-0.01,0.35,0.49,157.4,157.6,8.5,5,6.46,83.08,0.21,973.2
Quang Liem Le,0.47,156.7,0.47,2662,17,13.5,158.3,0.4,2662,,687,8,9,9.66,9.07,0.45,7.84,-0.05,0.57,0.39,154.7,158.4,6.5,7,8.03,82.32,0.2,61.4
Ian Nepomniachtchi,0.68,155,0.68,2727,18,13.5,157.8,0.7,2809,,820,10,8,15.88,8.48,0.47,50.87,-0.14,0.72,0.63,155.8,154,8,5.5,12.31,71.97,0.22,2587.69
Jan-Krzysztof Duda,0.63,154,0.63,2767,16,15,158,0.46,2762,,651,9,7,13.14,17.02,0.66,78.73,-0.19,0.5,0.8,158.9,147.8,8.5,6.5,10.13,289.59,0.43,6198.24
Wesley So,0.73,153.1,0.73,2763,10,9.5,158,0.55,2783,,398,5,5,16.36,11.21,0.63,12.17,-0.24,0.83,0.62,154.8,151.4,5,4.5,7.27,125.69,0.39,148.23
Vincent Keymer,0.72,151,0.72,2696,15,9.5,154.5,0.62,2585,,732,8,7,14.14,14.04,0.65,61.24,-0.35,0.98,0.42,145.9,156.9,5.5,4,10.8,197.01,0.42,3750.26
Ergali Suleimen,0.57,151,0.57,2274,11,8,157.6,0.52,2287,,405,3,8,16.81,12.5,0.49,161.55,-0.35,0.35,0.66,157.2,148.7,2,6,6.31,156.27,0.24,26098.2
Alexandra Kosteniuk,0.73,150.8,0.73,2463,10,9,157.6,0.64,2417,,510,5,5,16.37,11.67,0.57,10.5,-0.37,1.05,0.41,144,157.6,4.5,4.5,7.3,136.24,0.33,110.25
Dmitrij Kollars,0.58,150.7,0.58,2399,10,6.5,157.8,0.42,2575,,450,5,5,10.74,14.44,0.66,8.52,-0.37,0.48,0.68,152.3,149.2,2,4.5,5.8,208.56,0.44,72.53
Anish Giri,0.67,150.5,0.67,2688,18,14.5,158,0.28,2663,,907,10,8,12.54,20.05,0.89,10.73,-0.38,0.69,0.65,151,149.9,9.5,5,12.07,402.02,0.79,115.07
Santosh Gujrathi Vidit,0.92,149.9,0.92,2588,16,12,151.7,0.93,2673,,710,8,8,14.62,9.77,0.57,9.48,-0.41,1.02,0.82,147.6,152.2,5.5,6.5,14.68,95.5,0.33,89.81
Haik M. Martirosyan,0.72,149.5,0.72,2559,16,12.5,157.9,0.57,2687,,668,8,8,17.5,16.46,0.56,74.2,-0.44,0.58,0.86,152.7,146.2,6,6.5,11.51,270.81,0.32,5506
Khagan Ahmad,0.69,149.2,0.69,2550,12,9,158,0.46,2290,,544,6,6,19.72,12.67,0.77,77.35,-0.45,0.72,0.66,146.6,151.8,4,5,8.27,160.63,0.59,5982.62
Volodar Murzin,0.94,148.5,0.94,2652,15,11.5,156.5,0.91,2657,,792,7,8,11.75,14.22,0.63,8.71,-0.49,0.81,1.05,150.8,146.5,5.5,6,14.1,202.18,0.4,75.84
Yagiz Kaan Erdogmus,0.77,148.3,0.77,2601,14,12,157.9,0.54,2389,,659,6,8,14.52,21.02,0.77,59.81,-0.5,1.15,0.48,139.2,155.1,5.5,6.5,10.73,441.88,0.6,3577.45
David Navara,0.83,148.2,0.83,2650,15,12,157.9,0.74,2636,,633,7,8,12.75,16.84,0.73,108.65,-0.5,1.21,0.5,140.2,155.3,5.5,6.5,12.5,283.65,0.53,11804.05
Maxime Vachier-Lagrave,0.94,147.8,0.94,2716,13,11.5,157.8,0.7,2766,,599,5,8,14.26,21.61,0.87,61.79,-0.53,0.89,0.96,148.6,147.2,4.5,7,12.17,466.98,0.76,3818.21
Shamsiddin Vokhidov,0.83,146.7,0.83,2496,14,10,157.8,0.75,2581,,627,8,6,19.42,24.48,0.78,65.43,-0.59,0.58,1.16,155.4,135.1,6.5,3.5,11.67,599.28,0.6,4281.5
Pavel Eljanov,0.95,146.1,0.95,2727,15,13.5,157.7,0.62,2605,,772,6,9,17.21,25.69,0.97,68.62,-0.62,0.98,0.93,145.4,146.6,6,7.5,14.31,660.08,0.94,4708.3
Nurgyul Salimova,0.68,146.1,0.68,2267,10,6,156.2,0.71,2349,,409,5,5,20.12,17.75,0.53,142.33,-0.62,0.95,0.42,141.6,150.6,3,3,6.83,314.99,0.28,20258.63
Levon Aronian,1.06,145.9,1.06,2770,18,13.5,157.6,0.98,2754,,744,9,9,20.24,21.28,0.96,32.34,-0.63,1.1,1.02,147.8,144,7.5,6,19.13,452.76,0.92,1045.86
Shreyas Royal,0.62,145.7,0.62,2384,8,3.5,151.4,0.64,2398,,361,3,5,15.67,19.2,0.6,117.36,-0.64,0.3,0.81,154.3,140.5,1.5,2,4.92,368.75,0.36,13772.56
Sarbartho Mani,0.92,145.3,0.92,1983,20,15.5,157.6,0.87,2014,,843,10,10,25.02,21.12,0.64,160.17,-0.66,0.84,1,150.5,140.1,7.5,8,18.38,446.17,0.41,25654.93
Jorden Van Foreest,0.93,145.2,0.93,2651,13,10.5,157.7,0.63,2636,,743,6,7,12.9,19.24,0.82,91.82,-0.66,1.34,0.57,139.8,149.8,4.5,6,12.06,370.36,0.68,8431.05
Nikita Vitiugov,0.94,144.1,0.94,2519,14,9.5,158,0.48,2612,,591,7,7,7.72,29.02,1.14,123.08,-0.72,0.77,1.11,149.6,138.6,4.5,5,13.15,842.22,1.3,15149.63
Javokhir Sindarov,0.86,143.6,0.86,2574,18,11.5,157.6,0.58,2626,,823,9,9,19.74,23.2,0.86,106.71,-0.75,0.76,0.97,148.2,139.1,6,5.5,15.57,538.01,0.73,11386.93
Gennadij Sagalchik,0.89,143.2,0.89,2360,10,5,145.7,0.79,2434,,294,6,4,31.98,17.18,0.45,22.44,-0.77,0.77,1.07,151.1,131.3,4,1,8.92,295.17,0.2,503.52
Shakhriyar Mamedyarov,0.84,143.1,0.84,2548,14,8.5,155.8,0.55,2680,,570,7,7,14.8,24.26,0.91,54.18,-0.78,1.19,0.48,133.3,153,3.5,5,11.69,588.64,0.83,2934.95
Leinier Dominguez Perez,0.95,142.7,0.95,2547,13,9.5,157.7,0.36,2630,,603,6,7,13.51,29.76,1.14,90.69,-0.8,0.8,1.07,143.7,141.8,5,4.5,12.3,885.71,1.3,8224.9
Rustam Kasimdzhanov,0.69,142.7,0.69,2337,12,6,157.8,0.61,2603,,554,5,7,9.3,23.16,0.64,16.41,-0.8,0.62,0.75,145.8,140.5,3,3,8.32,536.4,0.4,269.37
Rasmus Svane,1.15,142.6,1.15,2703,15,11.5,147,0.84,2643,,761,5,10,18.85,19.96,0.97,89.95,-0.81,0.82,1.32,149.9,138.9,3.5,8,17.26,398.58,0.94,8091.05
Ilja Schneider,0.71,142.4,0.71,2363,12,6,154.6,0.59,2469,,630,7,5,24.28,21.53,0.65,68.59,-0.82,0.57,0.92,147,136,3.5,2.5,8.55,463.54,0.42,4704.04
Andrey Esipenko,0.99,142.3,0.99,2649,21,17,158,0.66,2646,,939,14,7,17.91,28.74,1.07,103.82,-0.82,0.82,1.32,147.3,132.3,12.5,4.5,20.72,825.78,1.14,10779.22
Dragan Solak,0.82,141.9,0.82,2471,14,9.5,148.8,0.82,2510,,695,7,7,20.5,19.45,0.83,123.78,-0.84,0.75,0.89,143.4,140.5,5,4.5,11.43,378.34,0.69,15322.54
Marcus R Harvey,0.88,141.6,0.88,2423,12,5.5,141.1,0.88,2449,,596,6,6,18.83,16.84,0.45,66.06,-0.86,0.73,1.02,143.1,140.2,2.5,3,10.5,283.72,0.2,4364.39
Samuel Sevian,1.23,141.5,1.23,2746,17,13.5,149.6,0.83,2711,,886,9,8,20.22,26.32,1.02,71.24,-0.87,1.33,1.11,140.7,142.4,6.5,7,20.86,692.6,1.05,5075.6
Eldiyar Orozbaev,1.09,141.2,1.09,2526,13,8.5,147.6,1.18,2274,,537,6,7,32.67,20.15,0.73,94.95,-0.89,0.65,1.46,155.4,129,5.5,3,14.11,405.89,0.53,9014.67
Jose Eduardo Martinez Alcantara,1.08,141.1,1.08,2623,13,8,150.1,0.62,2705,,586,6,7,18.68,27.27,1.08,80.82,-0.89,1.03,1.12,143.4,139.1,4.5,3.5,14.01,743.54,1.17,6532.34
Yahli Sokolovsky,1.1,140.9,1.1,2426,12,8,146.9,0.91,2417,,992,12,8,19.77,29.2,1.02,112.79,-0.9,1.05,0.99,141.7,139.7,8.5,6.5,20.53,852.56,1.04,12722.47
V Pranav,1.03,140.9,1.03,2593,20,15,157.8,0.76,2592,,477,6,6,20.88,21.42,0.72,55.41,-0.9,1.45,0.76,128.5,153.3,3,5,13.24,458.72,0.52,3070.44
Robert Ruck,1,140.9,1,2368,9,7,156.8,0.88,2523,,475,4,5,20.29,25.94,0.78,62.53,-0.9,1.14,0.89,138.6,142.7,2.5,4.5,8.98,672.72,0.61,3910.13
Ediz Gurel,0.91,140.8,0.91,2515,14,9,157.6,0.78,2494,,746,6,8,16.98,25.35,0.85,95.28,-0.9,1,0.85,135.7,144.6,3.5,5.5,12.78,642.86,0.72,9078.19
Ivan Saric,0.77,140.8,0.77,2402,14,8,156.1,0.36,2615,,545,7,7,10.74,28.44,0.91,116.42,-0.9,0.6,0.94,144.4,137.2,5,3,10.8,808.78,0.84,13552.55
Richard Rapport,1.06,140.7,1.06,2580,20,13.5,142.4,0.87,2631,,892,8,12,17.46,20.97,0.82,111.1,-0.91,1.16,0.99,138.4,142.2,5.5,8,21.2,439.93,0.68,12343.48
Aldiyar Sailaubay,0.97,139.8,0.97,1994,19,13.5,157.6,0.73,1915,,779,9,10,27.74,26.67,0.76,92.54,-0.96,1.05,0.9,137.8,141.7,7,6.5,18.47,711.04,0.58,8564.45
Sugar Gan-Erdene,1.02,139.7,1.02,2512,12,7,145,0.73,2330,,504,6,6,13.7,29.37,1.09,48.29,-0.96,0.54,1.46,151.9,127.5,4.5,3.5,12.04,862.59,1.18,2332.4
Alan Pichot,1,139.7,1,2556,12,8,150.3,0.86,2618,,561,6,6,23.94,26.32,0.94,96.94,-0.96,1.15,0.89,133.6,145.8,4,3,12.24,692.94,0.88,9396.97
Nodirbek Abdusattorov,1.25,139.6,1.25,2824,18,14.5,151,1.25,2694,,991,9,9,18.33,33.02,1.1,88.37,-0.97,0.97,1.54,152.2,127.1,8.5,6,22.54,1090.04,1.2,7809.03
Marc`Andria Maurizzi,1.09,139.5,1.09,2488,14,10.5,153.8,0.91,2486,,533,6,8,25.7,33.74,0.96,122.09,-0.98,1.26,0.97,134.5,143.2,3.5,7,15.3,1138.44,0.93,14906.42
Erigaisi Arjun,1.17,139.3,1.17,2687,22,16.5,157.2,0.64,2738,,902,12,10,16.3,29.99,1.07,65.69,-0.98,0.73,1.7,151.4,124.8,9.5,7,25.8,899.57,1.15,4314.79
Tom O`Gorman,0.95,139.1,0.95,2418,12,5,139.8,0.86,2333,,695,5,9,10.32,36.57,1.02,75.58,-0.99,0.62,1.1,148.9,133.6,4.5,5.5,12.98,1337.61,1.05,5712
Tuan Minh Le,0.93,139.1,0.93,2509,14,10,158,0.47,2579,,554,6,6,22.24,24.36,0.64,81.92,-1,1.08,0.82,136.6,141.5,2,3,11.37,593.22,0.41,6711.21
Ali Aras Yildiz,0.98,139,0.98,1971,12,8.5,145.1,0.9,1901,,546,6,6,18.54,20.42,0.69,108.07,-1,0.74,1.22,146.9,131.1,4.5,4,11.8,416.86,0.48,11678.41
Frederik Svane,1.02,138.7,1.02,2659,14,11,151.9,0.41,2531,,601,5,9,11.42,32.09,1.22,12.33,-1.02,1.94,0.51,113.3,152.7,3.5,7.5,14.31,1029.89,1.48,152.11
Leon Luke Mendonca,0.92,138.6,0.92,2444,13,10,157.7,0.38,2480,,584,6,7,15.26,30.64,1,154.53,-1.02,0.82,1.01,136,140.8,4.5,5.5,11.98,939.04,1,23880.22
Naranbold Sodbilegt,1.07,138.3,1.07,2202,12,7.5,152.8,0.98,1989,,455,6,6,20.12,26.15,0.96,106.52,-1.04,0.66,1.48,146.1,130.6,3,4.5,12.89,684.01,0.92,11347.26
Peter T Roberson,1.05,138.2,1.05,2296,11,5,144,0.97,2330,,372,7,4,20.22,23.48,0.85,229.22,-1.05,0.79,1.5,146.2,124,4,1,11.56,551.3,0.72,52543.63
Nodirbek Yakubboev,1.13,138.1,1.13,2532,18,12.5,151,1.18,2563,,914,11,7,18.02,26.31,1.02,107.3,-1.05,0.87,1.54,143.4,129.8,8,4.5,20.32,692.11,1.03,11513.4
Maciej Czopor,0.97,138.1,0.97,2424,12,8,147.7,0.51,2382,,557,6,6,25.88,27.25,1.13,82.39,-1.05,1.25,0.7,130.7,145.5,4,4,11.67,742.29,1.27,6788.68
Alexey Sarana,1.17,137.8,1.17,2714,15,12.5,157.7,0.71,2699,,713,7,8,21.83,30.4,1.06,99.68,-1.06,1.12,1.22,136.7,138.8,5,7.5,17.62,924.43,1.12,9935.75
Li Wu,0.86,137.8,0.86,2363,10,4,149.5,0.43,2278,,362,4,6,19.86,31.44,1.19,147.6,-1.07,1.69,0.3,115.1,152.9,1,3,8.55,988.44,1.42,21785.13
Alexander Grischuk,1.15,137.7,1.15,2647,21,14.5,156.8,0.88,2683,,883,11,10,13,40.76,1.13,77.15,-1.07,1.28,1.01,135.9,139.7,7.5,7,24.17,1661.29,1.28,5951.82
Hikaru Nakamura,1.34,137.2,1.34,2803,15,12.5,148.2,1.26,2837,,782,8,7,25.74,30.81,1.02,90.7,-1.1,1.37,1.31,133.4,141.5,6.5,6,20.17,949.55,1.03,8226.8
Aldiyar Ansat,1.22,137,1.22,2455,16,9.5,154.7,0.98,2488,,746,10,6,21.38,26.75,0.96,123.59,-1.11,1.26,1.15,137.9,135.5,6.5,3,19.49,715.67,0.92,15273.29
Edgar Mamedov,1.06,137,1.06,2344,14,8,146.2,0.96,2404,,677,6,8,17.76,23.96,0.72,108.31,-1.11,1.2,0.95,137.1,136.9,4.5,3.5,14.77,574.31,0.52,11730.65
Benjamin Gledura,1.02,136.9,1.02,2509,17,9.5,136.1,0.8,2558,,727,8,9,20.47,30.77,0.92,68.09,-1.11,1.16,0.89,131.5,141.8,5.5,4,17.33,946.5,0.85,4635.87
Amilal Munkhdalai,1.1,136.7,1.1,2536,13,10,157.8,0.57,2341,,605,6,7,19.57,31.03,1.07,96.98,-1.13,1.38,0.87,129.7,142.7,4.5,5.5,14.36,963.03,1.15,9406.05
Olga Badelka,1.2,136.5,1.2,2196,12,8,143.1,1.18,2195,,567,6,8,31.74,25.12,0.83,125.75,-1.14,0.92,1.26,140.7,133.3,2.5,5.5,15.55,631.08,0.69,15813.73
David Anton Guijarro,1.11,136.5,1.11,2496,14,8,139.8,0.97,2543,,507,6,6,18.61,31.79,1,118.17,-1.14,0.63,1.27,143.3,129.6,3,3,11.36,1010.4,0.99,13964.72
Justin Tan,0.95,136.5,0.95,2439,12,6,148.6,0.65,2501,,511,6,6,53.56,21.5,0.44,138.7,-1.14,1.03,1.37,140.6,132.3,4,4,14.42,462.16,0.19,19236.88
Matthew J Turner,1.03,136.4,1.03,2449,12,5.5,144.2,0.7,2415,,500,6,6,23.73,25.9,0.78,120.49,-1.14,0.8,1.26,141.2,131.6,3,2.5,12.37,670.69,0.6,14518.64
Read Samadov,1.21,136.3,1.21,2561,11,6,136,1.49,2435,,590,3,8,23.79,19.62,0.78,100.49,-1.14,0.92,1.32,138.4,135.5,0.5,5.5,13.32,384.86,0.61,10097.24
Nicholas Pert,0.78,136.2,0.78,2303,9,3.5,139.7,0.65,2536,,417,6,3,26.7,29.14,0.77,106.44,-1.15,0.63,1.06,138.1,132.4,1.5,2,6.98,849.19,0.6,11329.21
Daniel Dardha,0.95,136.1,0.95,2408,14,8.5,157.5,0.4,2613,,544,8,6,16.98,34.06,1.26,80.45,-1.16,1,0.88,134.7,137.9,6,2.5,13.29,1160.37,1.59,6472.86
Zalkar Kurbanbaev,0.95,136,0.95,2369,12,6.5,143.7,1.06,1851,,580,7,5,30.22,24.31,0.74,102.04,-1.16,0.65,1.37,147.2,120.4,5,1.5,11.44,591.03,0.55,10412.46
Daniyal Sapenov,1.38,135.6,1.38,2662,11,8,144.8,1.14,2416,,623,9,2,22.26,35.81,1.17,117.41,-1.19,1.47,0.96,131.6,153.6,6,2,15.16,1282.21,1.36,13785.99
Victor Bologan,1.15,135.6,1.15,2440,14,9,150,0.78,2444,,529,7,7,24.84,35.97,0.97,49.08,-1.19,1.08,1.22,134.1,137,4,5,16.06,1293.58,0.94,2408.87
Michael Adams,1.28,135.4,1.28,2553,14,8,150,0.9,2700,,736,7,7,20.84,30.18,0.98,116,-1.19,1.48,1.09,124.6,146.3,3.5,4.5,17.96,910.93,0.97,13456.99
Pentala Harikrishna,1.2,135.4,1.2,2502,18,10.5,136.4,1.12,2641,,971,8,10,21.84,25.48,1.02,61.72,-1.2,1.13,1.25,136.3,134.6,5,5.5,21.54,649.16,1.04,3809.02
Darmen Dauren,1.04,135.3,1.04,1951,15,9,143,0.74,1943,,590,6,6,103.32,15.73,0.48,117.64,-1.2,0.87,0.9,137.1,133.5,2.5,2,10.58,247.29,0.23,13839.83
Dildarav Lishoy Gengis Paratazham,0.88,135.3,0.88,2184,12,4.5,134.8,0.86,1898,,739,9,6,25.39,26.86,0.99,94.73,-1.2,0.97,1.16,134.3,136.7,4,5,15.67,721.68,0.98,8973.55
Jingyao Tin,1.13,135.2,1.13,2389,15,9,137.6,0.9,2463,,748,10,5,20.18,25.9,0.83,106.26,-1.21,1.1,1.18,134.4,136.7,6,3,16.89,670.8,0.68,11292.15
Jose Fernando Cuenca Jimenez,1.07,135.2,1.07,2366,12,7,151.2,0.76,2423,,581,6,6,19.88,32.64,1.03,105.62,-1.2,0.72,1.42,149.8,120.6,5,2,12.88,1065.24,1.06,11154.72
Adam Kozak,1.23,134.9,1.23,2535,13,11.5,157.6,0.82,2478,,643,7,6,16.12,38.3,1.14,66.89,-1.22,0.84,1.7,149.1,118.2,7,4.5,16.04,1467.14,1.29,4474.17
Lorin D`Costa,1.12,134.8,1.12,2397,10,4.5,157.2,0.88,2289,,463,5,5,15.68,35.14,1.15,52.95,-1.23,0.92,1.31,142.3,127.4,2.5,2,11.18,1234.62,1.33,2804.12
Kazybek Nogerbek,1.3,134.6,1.3,2605,15,11,137.7,1.08,2563,,659,7,8,26.65,29.47,1.04,105,-1.24,1.12,1.46,137.8,131.7,5,6,19.54,868.3,1.08,11025.21
Ilya Gurevich,0.98,134.5,0.98,2354,8,3,157.6,0.16,2586,,337,3,5,10.54,37.25,1.45,22.57,-1.24,1.28,0.81,130.7,136.8,2.5,0.5,7.86,1387.93,2.11,509.46
Matthew J Wadsworth,0.99,134.4,0.99,2278,11,6,149.1,0.67,2300,,469,6,5,19.91,29.54,0.87,127.77,-1.25,1.08,0.89,135.1,133.4,4,2,10.93,872.44,0.76,16324.95
Ameet K Ghasi,1.27,134.2,1.27,2537,12,7.5,132.9,1.46,2495,,576,6,6,21.6,24.67,0.91,83.17,-1.26,1.28,1.27,133.3,135,3.5,4,15.29,608.83,0.82,6917.42
Rinat Jumabayev,1.07,134.2,1.07,2449,14,8,146,1.01,2528,,719,8,6,21.47,29.91,0.98,59.13,-1.26,1.2,0.9,132.7,136.2,4.5,3.5,14.99,894.88,0.95,3496.84
Denis Makhnev,1.31,133.9,1.31,2495,15,10,145.5,1.09,2511,,790,8,7,26.83,30.12,0.91,137.44,-1.27,1.23,1.4,132.3,135.8,3.5,6.5,19.59,907.48,0.83,18889.95
Gergely Kantor,1.06,133.8,1.06,2301,11,4,139.9,1.11,2541,,451,6,5,27.82,18.82,0.5,177.92,-1.28,0.99,1.15,137.7,129,3,1,11.68,354.16,0.25,31655.51
Bodhana Sivanandan,1.06,133.7,1.06,2241,12,7,143.9,0.68,2192,,588,6,6,9.3,27.37,1.02,103.95,-1.29,1.06,1.07,132.9,134.5,4,3,12.75,748.96,1.05,10806
Pengxiao Zhu,0.99,133.6,0.99,2204,10,2.5,140.6,0.92,1997,,397,8,2,26.99,22.15,0.57,126.24,-1.29,0.98,1.02,136.1,123.9,2.5,0,9.89,490.76,0.32,15935.79
George Zhao,1.1,133.5,1.1,2277,10,4,138.6,0.67,2090,,404,4,6,136.26,15.93,0.72,153.6,-1.3,1.32,0.95,135.8,132,3,1,10.98,253.87,0.52,23592.91
Nitzan Steinberg,1.24,133.4,1.24,2446,12,8,147.8,0.84,2486,,608,6,6,20.31,32.74,1.21,96.93,-1.3,0.86,1.62,146.8,119.9,5,3,14.9,1072.16,1.47,9395.58
Ganzorig Amartuvshin,1.2,133.4,1.2,2412,13,6.5,133.5,1.14,2320,,619,7,6,13.81,23.44,0.92,83.33,-1.3,1.35,1.02,135.4,131.1,4.5,2,15.61,549.22,0.84,6943.13
Igor Glek,1.14,133.4,1.14,2236,9,4,129.9,1.19,2346,,733,9,4,20.69,32.99,1.04,122.27,-1.3,1.06,1,135.4,128.9,6.5,1.5,13.56,1088.34,1.09,14951.09
Alua Nurman,1.04,133.4,1.04,2351,13,8,157.7,0.76,2325,,385,4,5,32.45,20.47,0.52,81.84,-1.3,0.88,1.34,135,132.1,1.5,2.5,10.22,419.18,0.27,6697.99
Luke J McShane,1.48,133.2,1.48,2508,12,10,142.4,1.42,2591,,572,6,6,17.78,32.1,1.09,59.06,-1.32,1.75,1.2,123.6,142.7,4,6,17.72,1030.39,1.18,3487.72
Henrik Stepanyan,1.01,133.2,1.01,2280,11,5,140.3,0.92,2085,,448,6,5,34.84,28.73,0.96,70.12,-1.32,1.58,0.33,115.5,154.4,3,2,11.13,825.14,0.92,4916.64
Rohan Bansal,0.88,133.2,0.88,2161,12,2.5,137.8,0.64,1931,,479,7,5,36.32,20.7,0.59,126.25,-1.31,0.85,0.93,134.9,130.8,2,0.5,10.57,428.47,0.35,15939.7
Banele Mhango,1.02,132.8,1.02,2309,12,5.5,136.7,0.68,2231,,506,6,6,22.98,27.23,0.92,62.77,-1.34,0.6,1.45,145.5,120.1,3.5,2,12.29,741.38,0.84,3939.97
Jan Klimkowski,1.07,132.6,1.07,2358,15,7.5,131.3,0.98,2453,,693,8,7,17.66,25.91,0.77,139.89,-1.35,1.19,0.95,130.6,134.8,4,3.5,16.12,671.33,0.59,19570.01
Andrei Volokitin,1.17,132.5,1.17,2358,11,6,142,0.64,2517,,479,6,5,22.68,29.01,1.06,13.31,-1.35,1.63,0.62,125.4,141.1,2.5,3.5,12.87,841.39,1.12,177.08
Ruslan Momunaliev,1.01,132.5,1.01,2346,11,3,139.4,0.78,1878,,471,6,5,39.03,28.2,0.84,123.07,-1.35,1.08,0.92,129.9,135.7,2,1,11.09,795.46,0.7,15146.83
Frankie Badacsonyi,0.85,132.5,0.85,2057,8,3.5,139.6,0.57,2128,,316,5,3,28.59,31.18,1,95.96,-1.35,0.28,1.8,149.2,104.7,2.5,1,6.77,972.3,0.99,9208.51
Mohd Al-Mudahka,1.15,132.4,1.15,2194,13,5,131.2,1.1,2418,,536,6,7,28.16,15.1,0.55,71.82,-1.35,1.06,1.22,140.9,125.2,3.5,1.5,14.9,227.96,0.3,5158.5
Viktor Erdos,1.31,132.2,1.31,2417,13,9,150.6,1.12,2590,,601,7,7,23.94,30.67,1.01,107.5,-1.37,1.31,1.11,133.7,130.7,4.5,2,16.98,940.94,1.03,11556.21
Jules Moussard,1.21,132.2,1.21,2468,14,6.5,134.1,0.94,2663,,610,6,7,21.41,42.13,1.21,59.83,-1.37,2.13,0.61,108.3,152.7,4.5,4.5,17,1774.73,1.46,3579.87
Ulziikhishig Khishigbat,1.15,132.2,1.15,2257,12,8.5,155,0.92,1957,,514,6,6,20.51,38.44,1.01,222.4,-1.37,0.78,1.53,147.4,117,5,3.5,13.85,1477.41,1.02,49462
Jose Carlos Ibarra Jerez,1.08,132.1,1.08,2337,12,5.5,148,1.02,2600,,610,7,5,13.8,32.25,1.05,13.76,-1.37,0.94,1.28,137.7,124.3,3.5,2,12.98,1039.98,1.11,189.36
Nihal Sarin,1.39,131.9,1.39,2600,18,10.5,141.1,1.28,2695,,903,10,8,23.28,31.18,0.98,128.57,-1.39,1.27,1.53,138,124.1,6.5,4,24.94,972.15,0.95,16528.97
Atharvaa_P Tayade,1.08,131.6,1.08,1934,21,16.5,157.6,0.57,1920,,786,9,12,17.92,47.83,1.27,137.13,-1.4,0.6,1.44,148.3,119.1,8,8.5,22.74,2287.35,1.6,18804.39
Nigel D Short,1.12,131,1.12,2339,14,6,133.8,1.01,2551,,610,7,7,30.68,28.22,0.82,128.92,-1.44,0.8,1.45,145.5,116.4,5,1,15.74,796.37,0.67,16620.54
Bella Khotenashvili,1.16,130.9,1.16,2267,12,9,154,1.02,2346,,518,6,6,26.6,43.82,1.08,96.97,-1.44,1.14,1.17,131.3,130.5,5,4,13.88,1920.13,1.16,9404.05
Augustin Madan,1.3,130.8,1.3,2338,9,3,133.8,1.39,2176,,299,4,5,28.39,11.74,0.51,8.43,-1.44,1.37,1.23,129,132.2,1.5,1.5,11.66,137.91,0.26,71.13
Stavroula Tsolakidou,1.18,130.7,1.18,2327,22,15.5,147.9,0.98,2361,,913,12,10,19.4,33.97,1.01,139.08,-1.45,1.15,1.2,127.7,134.2,7.5,8,25.87,1154.21,1.02,19343.65
Turmunkh Munkhzul,1.28,130.5,1.28,2386,13,9,135.4,1.21,2260,,547,7,6,41.98,29.85,0.95,115.93,-1.46,1.38,1.16,122.2,140.2,4,5,16.64,890.95,0.9,13439.32
Arthur Kogan,0.98,130.5,0.98,2219,12,2.5,135.3,0.74,2488,,455,6,6,17.14,29.31,1.02,87.88,-1.46,0.79,1.17,134.5,126.5,1,1.5,11.76,859.08,1.03,7722.16
Aaravamudhan Balaji,1.11,130.2,1.11,2272,12,6.5,148.2,1.04,2312,,657,7,5,15.2,40.8,1.26,63.36,-1.48,0.98,1.28,131.7,128.1,3.5,3,13.28,1664.28,1.58,4014.92
Bat-Erdene Mungunzul,1.29,130,1.29,2338,12,7.5,133.5,1.27,2279,,694,6,6,27.98,28.41,0.96,54.46,-1.48,1,1.57,141.8,118.3,4,3.5,15.46,806.95,0.92,2965.4
Vidar Grahn,1.01,129.8,1.01,2207,13,3,133,0.83,2162,,446,7,6,30.13,23.98,0.64,77.68,-1.5,0.71,1.36,142.2,115.2,2,1,13.14,575.17,0.41,6034.83
Divya Deshmukh,1.37,129.5,1.37,2403,20,15.5,150.9,1.09,2343,,976,10,10,29.28,43.35,1.23,139.55,-1.51,1.8,0.94,115.2,143.9,7.5,8,27.45,1879.4,1.52,19474.63
Zhandos Agmanov,1.1,129.5,1.1,2335,9,4.5,129.9,1.14,2433,,491,6,3,19.7,28.65,0.95,73.05,-1.51,0.84,1.63,137.6,113.3,3.5,1,9.93,820.6,0.91,5336.38
Maxim Rodshtein,1.1,129.4,1.1,2277,12,3,141.4,0.71,2533,,520,6,6,14.46,32.45,0.91,10.15,-1.52,1.32,0.88,123.3,135.5,1,2,13.22,1053.2,0.83,103.08
Ranesh Ratnesan,1.21,129.3,1.21,2289,12,5.5,133.6,0.84,2137,,601,6,6,28.86,36.59,1.07,178.16,-1.52,1.38,1,119.4,139.2,3,3,14.31,1338.76,1.15,31741.73
Munguntuul Batkhuyag,1.19,129.3,1.19,2293,12,6,144,0.9,2282,,517,6,6,25.88,33.22,0.87,89.56,-1.52,1.19,1.24,130.6,128.1,3.5,2,14.53,1103.37,0.76,8020.73
Adithya Vaidyanathan,1.36,129,1.36,2240,9,7,137.9,1.3,1825,,384,5,4,31.27,33.47,0.92,87.11,-1.54,1.09,1.68,140.6,114.4,4,3,12.21,1120.33,0.85,7588.17
Marcos Camacho Collados,1.15,128.9,1.15,2257,12,6,138.9,0.67,2340,,585,7,5,25.4,35.44,1.12,290.11,-1.54,0.94,1.46,139.4,114.2,4,2,13.85,1255.82,1.26,84164.87
Ritvars Reimanis,1.43,128.6,1.43,2399,12,6.5,124.9,1.15,2252,,618,6,6,68.34,19.73,0.78,157.69,-1.56,0.84,2.02,143.4,113.9,2.5,4,17.18,389.27,0.62,24866.63
Marco Gallana,1.26,128.5,1.26,2388,10,3.5,130.6,1.19,2280,,391,6,4,23.6,23.01,0.78,12.63,-1.56,1.19,1.36,129.2,127.6,2,1.5,12.55,529.38,0.61,159.47
Lucas Torres,0.92,128.5,0.92,1813,12,5,129.2,0.76,1900,,511,7,5,40.34,30,0.85,249.76,-1.57,1.09,0.69,123.9,134.8,3,2,11.06,900.25,0.72,62377.89
Miaoyi Lu,1.23,128.4,1.23,2180,12,7.5,139.8,1.16,2124,,438,6,5,27.76,25.49,0.72,93.92,-1.57,1.29,0.88,126.2,131,2,0,12.1,649.86,0.51,8820.72
David Zakarian,1.1,128.4,1.1,2189,11,2,127.3,1.41,2286,,491,6,6,22.9,32.71,0.92,168.53,-1.58,1.57,0.9,112.3,144.4,2.5,5,14.81,1070.25,0.84,28403.05
Thomas Villiers,1.04,128.3,1.04,2157,10,2,129.8,0.88,2126,,497,4,6,191.9,24.71,0.6,116.06,-1.58,0.76,1.22,137.6,122,1,1,10.37,610.51,0.36,13470.85
Eric Hansen,1.34,128.2,1.34,2517,12,7,138.8,1.12,2549,,464,6,6,21.01,38.24,1.23,75.01,-1.58,1.15,1.53,132.9,123.5,4,3,16.05,1462.14,1.51,5627.2
Robert Kohlmann,1.05,127.9,1.05,2196,11,2,133,0.86,2026,,305,6,5,34.71,26.49,0.65,129.85,-1.6,0.95,1.18,133.9,120.8,1,1,11.6,701.91,0.42,16860.72
Patryk Cieslak,1.38,127.4,1.38,2324,14,9.5,137.7,1.36,2324,,650,8,6,35.52,33.55,0.99,92.31,-1.63,1.18,1.65,134,118.4,6,3.5,19.34,1125.55,0.97,8521.61
Khuyagtsogt Itgelt,1.57,127.3,1.57,2570,12,10,133.2,1.6,2272,,588,6,6,20.17,26.97,0.98,21.04,-1.63,1.4,1.73,132.9,121.7,5.5,4.5,18.79,727.27,0.95,442.65
Mei-En Emmanuelle Hng,1.29,127.3,1.29,2182,13,8.5,124.6,0.94,2062,,479,6,7,59.18,30.98,0.98,143.01,-1.63,0.75,1.75,146.5,110.8,5,3.5,16.74,959.76,0.95,20451.09
Islam Aiten,1.24,127.2,1.24,1965,22,16,155,0.97,1929,,876,11,11,25.33,44.99,1.31,217.19,-1.64,1.03,1.46,137.6,116.8,10,6,27.34,2023.97,1.71,47171.47
Mikkel Manosri Jacobsen,1.45,126.8,1.45,2396,12,6.5,133.6,1.15,2254,,446,6,6,35.78,29.97,1.16,106.37,-1.66,1.42,1.47,129.2,124.3,4.5,2,17.34,898.27,1.34,11313.84
Noam Sason,1.17,126.8,1.17,2199,12,4,127.2,1.14,2088,,494,6,6,32.58,29.7,0.91,163.23,-1.66,1.46,0.89,121,132.5,2,2,14.07,881.9,0.83,26644.84
Gennadie Slavin,1.07,126.8,1.07,2164,11,4,140.9,0.78,2207,,396,8,3,35.77,38.6,0.95,100.94,-1.66,1,1.26,128.2,122.9,3,1,11.78,1490.06,0.9,10188.22
Rhys Cumming,0.98,126.8,0.98,1965,8,1,139.9,0.65,2208,,336,3,5,34.7,31.83,0.81,177.47,-1.66,1.56,0.64,111.5,136,1,0,7.87,1012.91,0.66,31497.18
Livio Cancedda-Dupuis,1.17,126.5,1.17,2248,13,3.5,133,0.83,2145,,730,6,7,118.17,34.31,0.93,148.02,-1.68,1.28,1.07,124,128.5,1.5,2,15.17,1177.27,0.87,21909.37
Ugur Barkin Tahaoglu,1.23,126.4,1.23,2213,11,4.5,133.3,0.85,1890,,449,5,6,26.67,32.25,0.78,82.11,-1.68,1.53,0.97,120,131.8,3.5,1,13.49,1040.05,0.61,6741.74
Carmel Barwick,1.25,126.2,1.25,1885,8,5,130.5,1.4,1837,,328,4,4,109.86,33.86,0.92,217.45,-1.69,0.93,1.58,142,110.3,3,2,10.04,1146.68,0.85,47284.21
Alexander Moiseenko,1.59,125.9,1.59,2493,10,5,129.6,1.42,2530,,582,6,6,27.1,29.03,1.06,129.19,-1.71,1.66,1.42,123.4,128.4,4.5,3,18.48,842.52,1.12,16689.49
Faustino Oro,1.54,125.9,1.54,2521,12,7.5,126.4,1.63,2463,,582,5,5,30.34,30.43,0.97,135.86,-1.71,2.23,0.95,110,141.8,2,3,15.9,926.18,0.95,18457.3
Xeniya Balabayeva,1.48,125.8,1.48,2333,10,8,155.8,0.74,2285,,444,4,6,17.98,55.31,1.74,112.58,-1.72,0.55,2.09,157.8,104.4,4,4,14.75,3059.09,3.01,12675.27
Rasmus Skytte,1.43,125.7,1.43,2346,13,5.5,132.4,1.31,2408,,489,7,6,36.61,25.63,1.02,119.23,-1.72,1.61,1.22,129.3,121.6,4.5,1,18.54,657.04,1.03,14215.46
Harold Wanyama,1.41,125.3,1.41,2220,12,6,117.5,1.62,2179,,489,6,6,22.91,23.43,0.62,11,-1.74,1.22,1.6,132.2,118.4,4,2,16.93,548.81,0.39,121.08
David L Haydon,1.43,125.1,1.43,2351,12,7,126.8,1.47,2335,,754,6,6,17.78,34.51,1.2,70.33,-1.75,0.74,2.12,142.1,108.2,3,4,17.12,1190.73,1.45,4946.42
Stanley Badacsonyi,1.48,125,1.48,2376,11,6,130.7,1.13,2376,,472,4,7,28.03,35.8,0.84,186.1,-1.76,1.78,1.31,109.7,133.7,1,5,16.27,1281.29,0.7,34633.75
Dmitry Atlas,1.27,125,1.27,2063,9,4,132.7,0.95,2107,,284,6,3,37.63,26.84,0.8,197.53,-1.76,1.24,1.31,126.2,122.5,3,1,11.41,720.29,0.63,39017.21
Yuri Dr Agafonov,1.26,125,1.26,2020,12,4.5,134.6,1.06,2045,,479,6,6,28.98,40.88,1.27,18.48,-1.76,1.3,1.22,128.7,121.3,3,1.5,15.13,1671.2,1.61,341.34
Roman Shogdzhiev,1.49,124.7,1.49,2395,11,6.5,126.8,1.15,2390,,581,5,6,23.93,32.83,1.19,123.94,-1.77,1.65,1.35,128,122,4,2.5,16.35,1077.66,1.4,15360.29
Alexander Shabalov,1.24,124.5,1.24,2277,10,4.5,138,0.92,2448,,390,5,5,25.51,42.26,1.26,103.36,-1.79,0.61,1.88,147.4,101.5,3.5,1,12.43,1786.24,1.58,10682.36
Dimitrios Levon Zakarian,1,124.5,1,1984,11,1.5,126.2,0.91,1986,,347,3,8,32.67,29.92,0.84,76.86,-1.78,1.12,0.95,117.9,126.9,0,1.5,10.96,895.33,0.71,5907.6
Artjom Gurevich,1.21,124.4,1.21,2128,13,3,129.4,0.92,2183,,486,6,7,40.52,32.13,1.06,105.86,-1.79,1.01,1.39,133.5,116.5,2,1,15.79,1032.11,1.12,11206.43
Afruza Khamdamova,1.24,124.3,1.24,2262,12,7,141.2,1.18,2268,,556,5,7,24.96,48.39,1.27,74.89,-1.79,0.95,1.44,139.9,113.2,4,3,14.83,2341.88,1.62,5608.35
Irina Bulmaga,1.52,124.2,1.52,2321,11,7.5,135,0.91,2221,,536,5,6,19.39,35.32,1.14,122.22,-1.8,0.92,2.02,141.3,109.9,3,4.5,16.76,1247.53,1.31,14937.74
Natasha K Regan,1.33,124.1,1.33,1823,12,8.5,140,1.07,1842,,411,5,7,34.65,23.78,0.67,88.56,-1.8,1.12,1.23,127.8,121.5,2,1,14.23,565.62,0.45,7842.05
Balahari Bharat Kumar,1.19,124.1,1.19,2156,12,3,128.5,1.18,2005,,456,6,6,29.26,45.6,1.34,110.55,-1.8,1.37,1.28,126.9,121.3,5,3.5,15.94,2079.74,1.8,12220.97
Nicolai Kistrup,1.37,124,1.37,2225,13,4.5,131,1.18,2292,,604,6,7,34.62,26.51,0.69,89.12,-1.81,1.41,1.33,117.5,129.6,0.5,4,17.78,702.83,0.47,7941.97
Sarah N Longson,1.06,123.8,1.06,1845,12,1.5,132.6,0.77,2043,,375,5,7,26.12,25.79,0.7,95.19,-1.82,0.82,1.22,136.8,114.4,1.5,0,12.67,665.25,0.5,9061.51
Theo Khoury,1.34,123.7,1.34,2281,11,2.5,125.4,1.07,2157,,483,5,6,42.38,23.81,0.85,96.21,-1.83,1.76,0.99,114.3,131.4,2.5,0,14.71,566.72,0.72,9256.17
Dinara Wagner,1.33,123.7,1.33,2262,13,5.5,125,0.99,2396,,606,6,7,29.59,34.52,1.02,153.06,-1.83,1.12,1.51,132.5,116.1,2.5,3,17.32,1191.31,1.03,23428.52
Fy Antenaina Rakotomaharo,1.62,123.6,1.62,2416,12,5.5,125.8,1.48,2435,,592,6,6,27.48,24.97,1,60.42,-1.83,1.69,1.55,126.9,120.4,3.5,2,19.44,623.5,0.99,3650
Stepan Zaiarski,1.46,123.6,1.46,1917,14,8.5,122.6,1.27,1950,,640,7,7,171.67,32.94,0.76,133.22,-1.83,1.53,1.39,121.3,125.8,4.5,4,20.4,1084.94,0.57,17746.32
Qixuan Han,1.16,123.4,1.16,1651,13,5.5,127.9,1.09,1785,,550,6,7,141.93,33.77,0.91,156.98,-1.84,1.2,1.13,119.6,126.7,2.5,3,15.14,1140.42,0.83,24644.1
Jonas Buhl Bjerre,1.42,123.3,1.42,2420,12,5.5,135.9,1.08,2527,,559,6,6,28.84,36.86,1.08,48.1,-1.85,1.14,1.7,131.6,115,3,2.5,17.04,1358.57,1.18,2313.29
Gulrukhbegim Tokhirjonova,1.34,122.8,1.34,2102,8,4,134.2,1.18,2110,,357,5,3,55.82,40.76,1.15,187.16,-1.88,1.31,1.37,117.4,131.8,1,3,10.68,1661.52,1.33,35027.82
Sohum Lohia,1.29,122.7,1.29,2189,12,4.5,129.4,1.27,2211,,678,6,6,41.4,30.72,0.93,107.32,-1.88,1.05,1.53,126.6,118.8,2.5,2,15.48,943.94,0.87,11517.26
Changjie Zhang,1.2,122.5,1.2,1588,15,4.5,131.4,1.07,1657,,558,8,7,140.81,26.8,0.72,156.18,-1.89,1.2,1.19,123.2,121.7,3,1.5,17.93,718.12,0.51,24392.89
Marius Fromm,1.41,122.3,1.41,2362,12,4.5,137,1,2491,,680,6,6,17.95,39.95,1.43,71.25,-1.9,1.55,1.27,120.6,124,2.5,2,16.94,1595.63,2.05,5076.1
Carlos D. Schneider Sanchez,1.11,122.3,1.11,1896,10,0.5,133.4,0.72,1969,,340,5,5,31.01,27.65,0.72,151.85,-1.9,1.15,1.07,123.8,120.7,0.5,0,11.14,764.75,0.52,23058.71
Jan Murawski,1.32,122.2,1.32,2209,10,1.5,126.6,1.06,2132,,458,4,6,27.65,24.35,0.67,81.12,-1.91,0.85,1.63,139.5,110.6,1,0.5,13.19,593.15,0.45,6579.65
Rajko Vujatovic,1.23,122.2,1.23,2058,12,2,127,1.01,2122,,502,6,6,30.36,27.29,0.9,188.23,-1.9,1.21,1.25,122.6,121.9,1,1,14.74,744.63,0.81,35429.15
Dagur Ragnarsson,1.35,122.1,1.35,2162,12,3,132.6,1.35,2365,,590,6,6,27.29,26.92,0.69,169.66,-1.91,1.63,1.07,118,126.1,2,1,16.2,724.69,0.47,28783.15
Emir Beknazarov,1.1,122.1,1.1,2138,12,2,126.6,1.03,1969,,427,6,6,37.16,33.82,0.95,93.93,-1.91,1.46,0.74,109.3,134.9,1,1,13.2,1144.1,0.89,8822.08
Jakub Seemann,1.64,121.9,1.64,2353,15,9,127.7,1.3,2379,,846,7,8,24.78,28.5,0.89,89.64,-1.92,1.85,1.47,112.9,129.8,3.5,5.5,24.67,812.34,0.78,8035.93
Ashley Stewart,1.42,121.9,1.42,2103,8,2,123.2,1.25,2097,,321,4,4,36.4,20.04,0.57,130.05,-1.92,1.2,1.62,132.7,111.1,1.5,0.5,11.32,401.45,0.33,16914.29
Hayk Mesropyan,1.34,121.9,1.34,1958,11,5.5,138.5,0.68,1866,,483,3,8,23.93,64.11,1.95,175.06,-1.92,2.53,0.89,85.2,135.7,2.5,3,14.7,4110.73,3.81,30647.16
Jonas Eilenberg,1.45,121.8,1.45,2384,12,4.5,129.6,1.44,2379,,685,6,6,34.97,34.79,1.02,121.03,-1.93,1.88,1.01,109.8,133.9,3,1.5,17.39,1210.4,1.03,14648.07
Johannes Florstedt,1.14,121.8,1.14,2018,12,2,129.1,1.14,2299,,536,6,6,29.68,39.5,1.07,140.44,-1.93,0.98,1.3,129.6,114,2,0,13.69,1560.05,1.14,19723.18
Gleb Dudin,1.64,121.7,1.64,2525,12,7,132,1.44,2454,,587,6,6,16.92,49.88,1.4,114.81,-1.93,1.7,1.58,121.4,122.1,3,4,19.67,2487.66,1.96,13181.18
Deborah Ebimobo-ere QUICKPEN,1.27,121.7,1.27,1968,12,4.5,122.6,0.98,2072,,524,6,6,26.94,27.4,0.81,119.4,-1.93,1.65,0.9,107.6,135.9,1.5,3,15.28,750.82,0.66,14255.96
Lucas Rusu,1.35,121.5,1.35,2291,12,4.5,132.4,1.12,2038,,594,6,6,63.18,42.51,1.08,183.57,-1.94,1.15,1.56,130.6,112.4,2.5,2,16.24,1807.42,1.16,33696.29
Trevor Vincent,1.43,121.2,1.43,2232,12,5.5,129.4,0.98,2226,,412,6,6,27.4,41.04,1.2,30.89,-1.96,1.38,1.48,115.5,126.8,1,4.5,17.2,1684.1,1.43,953.97
David Muradyan,1.33,120.5,1.33,1767,19,7.5,138,1.28,0,,778,9,10,32.02,40.4,0.91,125.82,-2,1.27,1.38,122.1,119.2,4,3.5,25.27,1632.24,0.83,15831.76
Thomas E Rendle,1.59,120.4,1.59,2353,11,5.5,126.7,1.17,2429,,451,5,6,19.75,37.7,1.2,14.24,-2.01,1.36,1.78,128.4,113.7,2,3.5,17.51,1421.13,1.43,202.73
Valery Atlas,1.53,120.2,1.53,2306,11,5,124.2,1.25,2425,,484,5,6,44.77,27.24,0.93,188.08,-2.02,2.14,1.03,100.2,136.8,2,3,16.88,742.11,0.86,35372.8
Erzhan Zhakshylykov,1.73,120.1,1.73,2554,12,10,146.1,1.18,2075,,506,7,5,24.48,45.75,1.41,53.8,-2.02,1.85,1.55,115.1,127,5,5,20.71,2093.31,1.98,2894.62
Borna Derakhshani,1.46,119.9,1.46,2313,12,5,117.2,1.67,2286,,561,7,5,25.82,36.43,1.31,32.75,-2.03,1.44,1.49,121.1,118.1,3.5,1.5,17.52,1327.18,1.71,1072.26
Aryaman Ganguly,1.53,119.8,1.53,2031,9,6,127.4,1.25,1826,,463,4,5,23.48,37.76,1.07,11.21,-2.04,0.83,2.09,150.3,95.4,4,2,13.78,1425.73,1.15,125.59
Anca-Claudia Cujba,1.05,119.8,1.05,1699,13,1,130.3,0.76,1783,,355,6,7,42.3,35.07,0.98,125.92,-2.04,1.28,0.84,111.1,127.2,1,0,13.61,1229.68,0.97,15856
Nilufarkhon Imomkuzieva,1.59,119.7,1.59,1906,20,15.5,157.4,0.95,2066,,1009,11,9,30.37,58.66,1.54,213.99,-2.04,1.8,1.33,109.9,131.7,7.5,8,31.74,3441.52,2.38,45789.73
Patrick Kawuma,1.23,119.5,1.23,1857,13,0.5,129.4,0.86,2235,,482,7,6,28.48,26.64,0.86,174,-2.05,0.96,1.55,127.8,109.8,0,0.5,16.03,709.83,0.74,30276.36
Killian Delaney,1.43,119.4,1.43,2182,12,4,141.6,1.33,2200,,477,6,6,32.72,40.91,0.97,123.99,-2.05,1.51,1.36,112,126.9,2,2,17.19,1673.42,0.95,15373.3
Zsoka Gaal,1.46,119.3,1.46,2170,13,8.5,150.6,1.02,2284,,562,7,6,22.13,52.86,1.31,101.99,-2.06,1.19,1.78,133.6,102.7,6,2.5,19.01,2794.38,1.72,10402.29
Genden Enkhbayar,1.41,119.1,1.41,1862,12,6,116.8,1.67,1837,,565,6,6,40.99,33.45,0.98,188.71,-2.08,1.09,1.74,138.4,99.8,4,2,16.97,1118.82,0.95,35609.99
Darmen Sadvakasov,1.66,119,1.66,2343,9,7,142.1,1.42,2575,,463,1,8,26.01,47.77,1.31,12.42,-2.08,3.08,1.48,83.8,123.4,1,6,14.91,2281.92,1.72,154.14
Elis Denele Dicen,1.3,119,1.3,2037,11,3,127.6,0.81,1917,,495,4,7,136.83,36.44,0.96,236.46,-2.08,1.08,1.42,125.9,115.1,1,2,14.3,1328.09,0.91,55913.61
Assel Lesbekova,1.58,118.8,1.58,2126,10,5.5,130.8,1.14,1950,,403,5,5,93.67,40.9,0.98,182.62,-2.09,1.75,1.41,119.1,118.5,4,1.5,15.82,1673.07,0.95,33350.01
Sumiya Bilguun,1.64,118.3,1.64,2439,12,7,126.3,1.64,2388,,638,6,6,25.31,34.48,1.15,156.59,-2.12,1.56,1.73,127,109.7,4,3,19.73,1188.53,1.31,24519.45
Ben J Purton,1.4,118.3,1.4,2148,9,2.5,127.3,0.87,2102,,351,2,7,32.97,30.55,0.96,128.55,-2.12,0.77,1.58,137.8,112.8,0,2.5,12.6,933.06,0.92,16524.97
Kuka Kyle,1.16,118.2,1.16,1757,13,1,116.6,1.33,1681,,446,6,7,32.74,19.69,0.52,408.58,-2.12,1.16,1.15,118.6,117.8,1,0,15.04,387.56,0.27,166936.23
Robert Skytte,1.33,118.1,1.33,1999,13,3.5,121.9,1.58,2029,,473,6,7,30.96,24.11,0.78,112.15,-2.13,1.16,1.47,124.6,112.6,2,1.5,17.23,581.4,0.61,12576.52
Jinghan Cameron Goh,1.23,117.6,1.23,1962,11,1,132.2,0.99,2039,,492,5,6,18.11,29.1,0.78,36.46,-2.16,1.62,0.91,105.1,128,0,1,13.56,846.53,0.6,1329.28
Eline Roebers,1.63,117.4,1.63,2253,14,9.5,142.6,1.26,2349,,632,8,6,34.72,52.83,1.49,94.32,-2.17,1.14,2.29,134.8,94.2,6,3.5,22.84,2791.1,2.22,8895.62
Wadim Rosenstein,1.56,117.4,1.56,1701,20,10.5,134.4,1.3,1722,,350,4,4,27.96,42.88,1.18,142.28,-2.16,1.06,2.04,131.4,103.4,2.5,2.5,12.4,1839.05,1.38,20244.16
Anna Muzychuk,1.55,117.4,1.55,2248,8,5,125.2,1.44,2406,,824,10,10,30.19,44.12,1.15,130.31,-2.16,1.47,1.64,123.4,111.5,6.5,4,31.17,1946.9,1.33,16979.55
Zisis Tsaknakis,1.53,117.2,1.53,2249,11,6,135.3,1.22,2129,,541,4,7,25.1,53.41,1.59,211.4,-2.18,0.78,1.96,144.8,101.3,2.5,3.5,16.85,2852.53,2.52,44691.71
Anton Frank,1.47,117.2,1.47,2242,13,4.5,131.9,1.06,2086,,558,6,7,30.21,39.07,0.94,157.36,-2.17,1.73,1.24,106.7,126.3,2,2.5,19.07,1526.16,0.89,24761.03
Alistair Hill,1.31,117.1,1.31,2003,10,1.5,123.8,1.17,2107,,385,5,5,28.26,35.9,0.96,97.71,-2.18,1.76,0.86,103,131.3,0.5,1,13.09,1289.04,0.92,9547.61
Alina Rath,1.27,117.1,1.27,1765,12,2,132.7,0.96,2054,,475,6,6,35.52,46.01,1.38,62.37,-2.18,1.47,1.06,112.6,121.6,1.5,0.5,15.21,2117.25,1.91,3890.48
Supratit Banerjee,1.45,117,1.45,2267,11,5,128.5,1.7,2228,,516,7,4,43.89,46.87,1.23,104.35,-2.19,1.57,1.23,112.1,125.5,4,1,15.93,2196.92,1.51,10889.57
Daniel Howard Fernandez,1.76,116.8,1.76,2382,11,4.5,122.4,1.51,2454,,463,6,5,38.45,39.59,0.98,71.79,-2.2,1.94,1.54,107.8,127.7,2.5,2,19.33,1567.73,0.96,5153.57
Bohdan Lobkin,1.66,116.7,1.66,2064,19,15,142.6,1.4,1955,,974,9,10,49.27,66.41,1.69,160.32,-2.2,1.82,1.51,109.4,123.4,6,9,31.48,4410.61,2.85,25703.89
Murat Omarov,1.73,116.3,1.73,1944,13,11,110.6,1.47,1964,,568,6,7,30.52,45.63,1.48,211.16,-2.23,1.58,1.85,122.7,110.8,5,6,22.45,2082.53,2.2,44589.46
Emir Sharshenbekov,1.45,116.2,1.45,2239,10,3,130.2,1.07,2309,,549,5,5,52.28,47.76,1.24,197.4,-2.23,0.74,2.16,139.8,92.6,1.5,1.5,14.5,2281.22,1.54,38965.69
Jonah B Willow,1.72,116,1.72,2388,12,7,125.4,1.62,2356,,591,6,6,28.14,47.51,1.32,141.89,-2.24,2.37,1.07,98.9,133,4,3,20.64,2257.38,1.74,20131.51
Teodora Injac,1.76,115.9,1.76,2317,12,8.5,124,1.92,2328,,552,6,6,32.49,41.19,1.04,106.85,-2.25,1.31,2.22,133.7,98.1,5,3.5,21.18,1696.45,1.07,11416.37
Jose Maria Medal Paves,1.37,115.8,1.37,2039,11,1.5,113.8,1.58,1982,,442,5,6,29.43,24.93,0.61,14.13,-2.25,1.12,1.58,127.5,106.1,1.5,0,15.04,621.53,0.38,199.53
August Jalving,1.65,115.7,1.65,2117,12,6.5,130.9,1.22,2166,,565,6,6,133.92,45.99,1.25,140.42,-2.26,1.18,2.11,133.4,98,3,3.5,19.75,2114.94,1.56,19719.08
Meruert Kamalidenova,1.64,115.6,1.64,2272,14,7.5,132.2,1.37,2255,,784,8,6,30.11,49.28,1.3,125.16,-2.26,1.72,1.54,111.8,120.7,4.5,3,23.02,2428.92,1.69,15664.77
Sebastian Mokhber-Garcia,1.63,115.6,1.63,2131,13,7.5,132.9,1.19,1990,,578,6,7,45.32,53.62,1.3,157.28,-2.26,1.68,1.58,118.9,112.8,4,3.5,21.15,2875.21,1.68,24737.59
Oliver Nilsson,1.5,115.5,1.5,2037,13,4,122.6,1.2,1975,,525,6,7,58.95,36.42,1,159.22,-2.27,1.41,1.58,119.4,112.1,2,2,19.51,1326.13,1,25350.4
Gautam Jain,1.47,115.2,1.47,1691,13,6.5,129.6,1.28,1884,,641,6,6,225.52,27.47,0.63,202.82,-2.28,1.47,1.28,107.7,122.8,0,2,16.47,754.35,0.4,41136.44
Theodor Stein,1.37,115.2,1.37,1964,12,2,107.2,1.53,2041,,533,7,6,220.05,44.75,1.08,205.04,-2.29,1.28,1.7,122.1,107.1,3,3.5,19.15,2002.83,1.17,42039.79
Or Bronstein,1.74,115.1,1.74,2433,12,9,127.2,1.81,2419,,636,6,6,24.38,49.87,1.72,124.72,-2.29,2.08,1.4,105.4,124.9,5,4,20.89,2486.6,2.94,15554.53
Uurtsaikh Uuriintuya,1.58,115,1.58,2126,13,7.5,129.9,1.16,2135,,615,7,6,21,40.85,1.27,174.67,-2.3,1.76,1.37,108.3,122.7,3.5,4,20.54,1668.64,1.62,30511.03
Adam Sefton,1.47,114.5,1.47,2029,10,1.5,126.8,1.07,1972,,469,1,9,81.72,31.79,0.97,113.43,-2.32,0.84,1.54,126.9,113.1,0,1.5,14.73,1010.76,0.94,12866.36
Aimonchok Zhunusbekova,1.84,114.2,1.84,1916,11,9,114.8,1.6,1816,,454,5,6,54.28,51.48,1.52,168.9,-2.34,2.53,1.26,93.4,131.5,4,5,20.25,2649.85,2.32,28528.01
Matei-Andrei Badescu,1.44,114.1,1.44,2041,12,2,126.2,1.36,1932,,507,6,6,42.7,25.87,0.65,123.87,-2.34,1.45,1.42,110.8,117.4,0.5,1.5,17.23,669.13,0.42,15344.19
Alexander Strom-Engdahl,1.49,113.9,1.49,2119,13,4,121.5,1.15,2059,,668,7,6,38.7,37.66,1.13,126.26,-2.35,1.49,1.5,118.8,108.1,2.5,1.5,19.41,1418.29,1.27,15942.02
Magdalini Mihailidou,1.4,113.6,1.4,1841,8,3,102.4,1.5,1826,,357,3,5,147.56,42.09,0.95,314.75,-2.37,1.25,1.5,120.8,109.3,1,2,11.24,1771.28,0.9,99070.1
Jude Shearsby,1.76,113.4,1.76,2279,11,6.5,124.6,1.01,2234,,499,4,7,29.44,45.86,1.32,179.58,-2.38,1.86,1.7,109.5,115.6,2.5,4,19.34,2102.82,1.75,32250.52
Ketevan Arakhamia-Grant,1.44,113.1,1.44,1976,13,3.5,112,1.36,2210,,486,3,10,31.04,32.6,0.86,99.11,-2.4,1.42,1.44,112.1,113.4,1,2.5,18.7,1062.63,0.73,9822.48
Ari Kiremitciyan,1.42,113.1,1.42,1904,11,0.5,126.4,0.99,2156,,487,4,7,28.13,45.88,1.38,119.22,-2.4,0.7,1.83,138.5,98.6,0.5,0,15.6,2105.43,1.91,14212.65
Imogen A L Camp,1.3,113.1,1.3,1813,12,2,122,0.99,1868,,527,6,6,36.25,47.38,1.36,78.4,-2.4,0.91,1.7,127.5,98.7,1.5,0.5,15.65,2244.65,1.86,6145.87
Dinara Saduakassova,1.76,112.9,1.76,2137,13,7.5,129.8,1.38,2383,,638,5,8,33.29,41.88,1.23,92.39,-2.41,1.55,1.88,123.3,106.3,3,4.5,22.82,1753.97,1.52,8535.39
Ellen Fredericia Nilssen,1.73,112.8,1.73,2218,13,6,120.8,1.32,2120,,542,7,6,204.92,38.74,1.21,155.15,-2.41,1.65,1.81,117.7,107.2,4,2,22.43,1500.45,1.47,24070.88
Sereenen Gan-Od,1.69,112.8,1.69,2156,13,6,121.8,1.56,2265,,609,6,7,37.67,34.67,1.08,156.56,-2.42,1.28,2.05,128,99.7,3.5,2.5,22.02,1202.17,1.16,24510.39
Martin Yatskar,1.56,112.7,1.56,2176,12,3,124.8,1.3,2222,,520,6,6,36.75,43.31,1.11,130.45,-2.42,1.31,1.8,125.1,100.3,2,1,18.69,1875.49,1.24,17016.74
Aden Kennedy,1.53,112.7,1.53,1737,8,2.5,126.7,1.47,1815,,572,7,5,24.66,47.41,1.27,169.35,-2.42,1.51,1.17,107.2,120.3,3,1.5,16.43,2247.96,1.61,28677.93
Michael Ziems,1.37,112.7,1.37,1751,12,4.5,122.4,1.34,1933,,460,4,4,28.04,48.35,1.27,176,-2.42,0.95,2.11,136.4,89,1.5,1,12.24,2337.3,1.63,30976.15
Sivanandan Velayutham,1.26,112.7,1.26,1272,13,0.5,126.2,0.85,0,,382,7,6,43.65,23.85,0.74,156.55,-2.42,1.02,1.54,120.1,104,0,0.5,16.32,568.86,0.54,24507.1
Aziz Degenbaev,1.65,112.6,1.65,2225,10,4,118,1.48,2235,,508,5,5,42.2,33.47,0.95,98.39,-2.43,1.12,2.19,125.9,99.2,2,2,16.54,1120.37,0.91,9681.16
Mei-Xian Eunice Hng,1.48,112.5,1.48,1948,12,4,117.8,1.16,2069,,487,6,6,34.02,46.84,1.21,141.08,-2.43,1.67,1.28,105.3,119.7,2,2,17.72,2194.27,1.45,19904.63
Dion Krivenko,1.52,112.3,1.52,2199,12,3,133.6,0.88,2217,,582,5,7,43.4,57.17,1.63,101.42,-2.44,1.14,1.8,122.2,105.3,0.5,2.5,18.29,3267.92,2.65,10285.18
Avyukt Dasgupta,1.73,112.2,1.73,2208,12,4.5,118.2,1.22,2064,,596,4,8,104.6,36.98,1.07,165.05,-2.45,2.26,1.47,91.9,122.3,1,3.5,20.81,1367.47,1.15,27242.36
Saahil Bansal,1.46,112.2,1.46,1957,12,1.5,123,1.06,1842,,498,5,7,48.45,46.07,1.36,213.45,-2.45,1.59,1.3,107.2,115.7,1.5,1.5,17.04,2122.64,1.85,45560.66
Sofia Blokhin,1.42,112.2,1.42,2092,12,3,120,1.18,1980,,460,7,5,117.77,40.88,1.12,206.21,-2.45,1.72,1.09,104.6,122.7,1.5,0,17.47,1671.16,1.27,42521.33
Wojciech Smolinski,1.5,112.1,1.5,1667,15,6,112,1.39,1800,,679,8,7,42.71,36.75,0.87,131.22,-2.45,1.44,1.56,115.1,108.6,4,2,22.45,1350.64,0.75,17219.72
Davaademberel Nomin-Erdene,1.88,112,1.88,2257,12,6,118.2,1.66,2253,,641,6,6,46.25,36.31,0.97,183.15,-2.46,1.7,2.06,114.1,110,2.5,3.5,22.55,1318.15,0.94,33545.15
Aleyna Demir,1.36,111.4,1.36,1559,12,2,118.4,1.06,1633,,430,6,6,280.9,39.93,0.96,181.99,-2.49,1.31,1.42,117.6,105.1,2,0,16.38,1594.08,0.93,33118.6
Yuliia Osmak,1.86,111.3,1.86,2289,16,10.5,125.1,1.82,2284,,721,9,7,44.72,45.78,1.23,101.98,-2.49,1.68,2.09,122.1,97.4,8,2.5,29.75,2095.72,1.52,10398.9
Theo Phulpin,1.61,111.1,1.61,1464,14,5,118,1.36,1773,,573,7,7,252.24,40.52,1.09,156.99,-2.51,1.73,1.5,114.5,107.6,4,1,22.6,1641.8,1.19,24644.74
Yifan Hou,1.83,111,1.83,2316,10,6,105.1,1.81,2522,,571,5,5,64.12,38.27,0.95,174.64,-2.51,1.84,1.83,116.9,105.1,3.5,2.5,18.33,1464.92,0.91,30500.04
Arthur Kendall,1.6,110.9,1.6,1830,10,5,107.6,1.55,1783,,482,5,5,40.94,48.05,1.19,143.35,-2.52,1.16,2.03,129.1,92.7,3.5,1.5,15.96,2308.54,1.42,20548.65
Emily Maton,1.72,110.8,1.72,1807,13,8.5,113.1,1.34,1923,,660,7,6,58.24,43.37,1.41,175.18,-2.52,1.94,1.46,101.1,122.2,4.5,4,22.31,1881.29,2,30686.63
Mikkel Vinh Loftgaard,1.88,110.7,1.88,2287,12,6.5,122.6,1.56,2145,,673,6,6,37.99,41.34,1.1,86.87,-2.53,1.52,2.24,129.9,91.5,5,1.5,22.62,1708.66,1.21,7547.01
Harry Bryant,1.72,110.2,1.72,2162,12,3,112.5,1.5,2053,,496,7,5,225.88,23.22,0.74,216.85,-2.55,1.8,1.61,103,120.3,1,2,20.63,539.39,0.55,47024.4
Julia Ostensson,1.47,110.2,1.47,1871,13,3,115.4,1.28,1866,,437,7,6,40.41,28.89,0.81,152.07,-2.55,1.19,1.81,121.1,97.4,2,1,19.16,834.76,0.66,23126.64
Rebekka Schuster,1.44,109.9,1.44,1590,12,2.5,112.2,1.23,1842,,321,6,6,55.31,37.46,0.98,170.11,-2.57,1.39,1.48,114,105.7,2,0.5,17.24,1403.11,0.97,28938.35
Lara Schulze,1.49,109.8,1.49,2094,12,3.5,120,1.18,2224,,532,7,5,145.08,49.89,1.49,175.24,-2.58,1.48,1.52,112.2,106.4,2.5,1,17.93,2488.94,2.21,30709.19
Andreea Navrotescu,1.61,109.5,1.61,2124,12,3.5,112,1.88,2166,,563,7,5,39.83,42.41,1.24,83,-2.59,1.78,1.37,104.4,116.7,1.5,2,19.32,1798.75,1.53,6888.35
Gesneria-Codruta Cepoi,1.59,109.2,1.59,1520,8,3,114.2,1.39,1733,,424,3,6,30.25,49.9,1.38,92.08,-2.61,2.5,1.07,77.2,125.2,1,3,13.92,2489.92,1.9,8478.6
Ali Mortazavi,1.55,109.2,1.55,2163,9,4,119.4,1.85,2339,,384,4,4,192.79,51.6,1.31,186.38,-2.61,1.27,1.91,119.9,98.5,1,2,12.73,2662.8,1.73,34735.84
Stephen Dishman,1.66,109.1,1.66,2065,12,2,124.9,1.1,2176,,569,6,6,35.18,44.51,1.31,177.85,-2.62,1.59,1.74,115.2,103,1.5,0.5,19.97,1981.22,1.71,31632.02
Chen Zhu,2.05,108.5,2.05,2242,13,9,121.7,1.8,2276,,692,7,6,48.13,49.84,1.39,147.89,-2.65,2.27,1.81,104.3,113.4,5.5,3.5,26.7,2483.84,1.93,21872.19
Andrew Hong,2.19,108.4,2.19,2548,14,8,115.6,2.12,2501,,798,7,7,31.32,33.81,1,59,-2.65,2.67,1.71,95.1,121.7,3.5,4.5,30.65,1142.88,1,3481.41
Leonid Volkov,1.86,108.4,1.86,1907,12,7.5,129.2,1.42,1885,,487,6,6,40.08,58.99,1.51,115.99,-2.65,1.44,2.28,120,96.8,3.5,4,22.34,3480.16,2.28,13452.76
Rock Yu,1.92,108.3,1.92,2312,9,4.5,112.5,1.39,1968,,409,7,2,31.71,39.46,1.32,118.32,-2.65,1.96,1.76,106.3,115.4,2.5,2,17.26,1557.11,1.74,14000.52
Sumiya Chinguun,1.67,108.2,1.67,2286,12,3,133.7,1.02,2332,,570,6,6,103.04,52.06,1.63,190.72,-2.66,1.53,1.82,115.2,101.1,3,0,20.09,2710.16,2.67,36375.81
Konstantin Mesropov,1.98,107.8,1.98,2398,11,7.5,138.4,1.35,2334,,560,6,5,40.63,63.76,1.76,124.24,-2.69,1.12,3.02,131.5,79.2,3.5,4,21.81,4064.75,3.08,15434.9
Meri Grigoryan,1.58,107.2,1.58,1869,12,2,112.2,1.4,1951,,525,8,4,36.88,51.16,1.56,94.86,-2.72,2.08,0.59,92.8,136.1,2,0,19,2617.78,2.45,8998.29
Luca Platschek,1.79,107.1,1.79,1859,12,6.5,120.8,1.34,1746,,467,6,6,30.08,64.09,1.48,148.17,-2.72,1.05,2.54,144.1,70.1,5,1.5,21.52,4108.08,2.2,21954.87
Moses Andiwoh,1.53,107.1,1.53,1818,13,1,128.1,1.2,1798,,459,7,6,41.08,40.87,1.09,121.36,-2.72,1.6,1.44,102.1,112.9,0,1,19.86,1670.51,1.2,14728.92
Elizabeth Ivanov,1.64,106.6,1.64,1778,12,4.5,154.6,1.08,1791,,508,7,5,33.17,73.73,1.84,155.82,-2.75,1.92,1.26,95.3,122.3,2.5,2,19.72,5435.66,3.4,24279.36
Georgiana-Steluta Morea,1.68,106.5,1.68,1661,12,6,115.2,1.27,1919,,574,7,6,236.47,39.71,1.21,215.67,-2.75,2.31,0.83,87.8,128.3,3,1,21.16,1577.24,1.45,46511.45
Sarah Sima Derlich,1.63,106.5,1.63,1944,13,4,117.7,1.09,1934,,506,6,6,36.04,55.01,1.41,287.36,-2.75,1.65,1.71,111.9,101.1,4,2,20.15,3026.61,2,82576.69
Sabrican Onay Yontar,1.77,106.3,1.77,1832,13,5.5,108.3,1.84,1926,,578,5,8,49.35,43.01,1.41,97.41,-2.76,1.47,1.96,125.3,94.5,3,2.5,23.05,1850.06,1.99,9488.68
Andre Kunz,1.67,105.8,1.67,1964,12,1.5,116.7,1.62,2093,,492,6,6,37.67,32.83,0.85,140.63,-2.79,1.96,1.37,96.4,115.2,1.5,0,20,1077.96,0.73,19777.83
Zoe Veselow,1.64,105.3,1.64,1538,12,3.5,104.6,1.92,1637,,578,6,6,43.04,36.53,0.92,241.75,-2.82,1.41,1.87,116,94.7,2.5,1,19.69,1334.57,0.85,58440.85
Matthew Dishman,1.74,105.2,1.74,2002,12,4.5,125,1.25,1949,,475,6,6,35.08,58.33,1.8,195.67,-2.82,1.66,1.81,103.3,107.2,2,2.5,20.85,3402.41,3.23,38285.98
Murat Emre Kalender,1.63,105.2,1.63,1890,11,2,115,1.25,1723,,475,5,6,207.31,34.52,1.05,153.36,-2.82,1.49,1.74,110.7,100.7,1,1,17.93,1191.78,1.1,23517.92
Elliot McCallum,1.8,105.1,1.8,1830,12,6,108.4,1.72,1747,,513,6,5,171.59,37.41,1.15,229.6,-2.83,1.78,1.51,104.6,105.8,1.5,0,18.25,1399.42,1.32,52715.62
Oleg Verbytski,1.66,105.1,1.66,2047,11,1.5,95,1.71,2081,,602,6,6,40.75,39.81,1.22,58.09,-2.83,2.47,1.12,88.1,122,4,2,21.57,1584.53,1.49,3374
Sami Mortazavi,1.55,103.3,1.55,1541,12,1.5,101.4,1.52,1811,,478,5,7,43.16,40.61,1.18,201.71,-2.92,1.41,1.65,112.8,96.6,1,0.5,18.64,1649.27,1.39,40685.49
Qianyun Gong,2.01,102.9,2.01,2158,15,8.5,110.6,1.55,2140,,725,7,8,41.75,46.01,1.34,148.31,-2.95,1.67,2.3,109.9,96.8,3.5,5,30.12,2116.48,1.78,21995.97
Tunahan Makaraci,1.79,102.9,1.79,2136,12,2.5,104.6,1.66,2165,,566,6,6,125.74,41.89,1.24,185.37,-2.95,1.8,1.78,100.5,105.4,2,0.5,21.49,1754.53,1.53,34360.77
Kameron Grose,1.76,102.5,1.76,1735,12,4.5,112.4,1.23,1822,,572,6,6,43.87,48.55,1.47,165.31,-2.97,1.81,1.72,104.9,100.1,3.5,1,21.18,2356.93,2.17,27326.31
Remy Rushbrooke,1.7,102.4,1.7,1865,8,1,103.2,1.58,1984,,282,4,4,37.06,31.27,0.97,149.72,-2.98,1.2,2.2,117.1,87.7,0,1,13.6,977.94,0.95,22416.81
Platon Kiritshenko,1.89,102,1.89,1769,12,7.5,119.7,1.42,1749,,688,5,7,39.35,58.85,1.67,206.72,-3,1.62,2.09,101.2,102.5,1.5,6,22.74,3463.79,2.8,42731.26
Christiansen-Danut-Eugen Sava,1.63,101.8,1.63,1640,12,0,107.7,1.38,1948,,478,7,5,36.71,35.34,0.97,158.21,-3.01,1.41,1.94,109.1,91.5,0,0,19.54,1248.89,0.95,25030.16
Ataberk Eren,2.04,101.7,2.04,2252,12,2.5,108.4,1.88,2249,,626,6,6,36.07,40.95,1.3,109.04,-3.01,1.82,2.25,116.6,86.8,1.5,1,24.42,1677.18,1.68,11889.94
Aizhan Sezdbekova,1.9,101.2,1.9,2036,9,5,114.6,1.75,1766,,375,6,3,46.77,60.13,1.62,215.25,-3.04,1.83,2.05,98,107.5,3,2,17.11,3615.67,2.61,46334.47
Eliza-Ioana Badescu,1.6,101,1.6,1568,12,0.5,124.2,1.02,1759,,528,6,6,45.09,46.2,1.21,191.09,-3.05,1.57,1.63,103.9,98.2,0.5,0,19.17,2134.47,1.46,36513.59
Elim Keneshbekov,1.76,100.7,1.76,2001,12,2,113.8,1.48,1941,,557,6,6,62.47,51.88,1.45,144.82,-3.06,2.27,1.25,83.6,117.8,1,1,21.11,2691.25,2.11,20974.03
Ngoc Hai-Dang Ho,1.76,100.6,1.76,1825,12,2,103.8,1.72,1850,,535,6,6,143.34,22.55,0.65,177.6,-3.07,2.06,1.46,94.9,106.3,2,0,21.16,508.36,0.43,31543.38
Atakan Eken,1.95,99.8,1.95,2107,11,2.5,92.9,1.97,2049,,515,6,5,55.88,36.6,1.1,136.04,-3.12,1.45,2.54,114.7,81.9,0.5,2,21.41,1339.28,1.21,18508.04
Zain Patel,1.87,99.8,1.87,1949,8,2.5,97.4,1.96,1991,,505,6,2,40.22,49.36,1.24,189.62,-3.11,2.36,0.38,80.6,157.7,1,1.5,14.94,2436.71,1.55,35957.02
Cristian Araya Fuentes,1.86,99.7,1.86,1780,12,5.5,104.2,1.62,1983,,532,6,6,231.92,51.86,1.5,194.03,-3.12,1.89,1.84,100.9,98.6,2.5,3,22.36,2689.41,2.24,37647.28
David George Samir,1.94,99.6,1.94,2121,12,3,123.9,1.44,2147,,585,6,6,34.4,47.81,1.19,147.57,-3.12,1.7,2.17,113.3,86,2,1,23.25,2285.66,1.42,21777.26
Kai Hanache,2,99.4,2,2099,10,3,114.8,1.38,2031,,577,5,5,23.83,67.74,1.76,107.96,-3.14,1.94,2.07,97.5,101.3,1,2,20.04,4589.2,3.08,11654.65
Jully Mutisya,1.78,99.2,1.78,1639,13,3,101.8,1.52,1663,,427,7,6,53.96,41.17,1.25,157.54,-3.15,1.64,1.94,105.1,92.4,2,1,23.12,1694.79,1.57,24817.99
Robert-Gabriel Sava,2.26,99,2.26,2374,12,4.5,114,1.76,2272,,717,5,7,57.94,59.78,1.66,143.51,-3.16,1.31,2.93,134.8,73.5,2.5,2,27.06,3573.65,2.74,20594.02
David Henriquez Garcia,1.77,98.4,1.77,1823,10,1,119.8,1.42,1905,,445,5,5,42.95,49.4,1.31,119.84,-3.19,1.76,1.78,95.6,101.3,0,1,17.73,2440.47,1.72,14362.26
Amoako_Philip_Selikem Yao,2.25,98.3,2.25,1762,10,7,117.3,1.87,1948,,452,5,5,60.22,63.63,1.67,146.71,-3.19,2.28,2.22,98.8,97.7,4,3,22.51,4048.69,2.78,21524.64
Madara Orlovska,2.07,97.7,2.07,2060,12,6,116.8,2.12,2058,,563,6,6,48.84,63.21,1.59,202.19,-3.23,2.05,2.09,101.6,93.8,3,3,24.83,3994.98,2.53,40882.21
Yihua Ding,1.63,97.3,1.63,1047,12,0,101.6,1.5,1536,,479,6,6,47.39,32.89,0.89,129.28,-3.25,1.81,1.44,90.5,104.1,0,0,19.56,1081.97,0.79,16713.01
Indy Southcott-Moyers,2.24,97,2.24,2289,12,6,102.4,2.37,2244,,614,6,6,33.16,55.13,1.56,75.14,-3.26,3.14,1.35,67.1,127,2.5,3.5,26.94,3039.83,2.42,5646.75
Leia Andries,1.8,96.6,1.8,1492,13,3,127.6,1.26,1838,,609,6,7,262.49,54.9,1.54,165.28,-3.28,2.3,1.38,75.8,114.5,0.5,2.5,23.42,3013.86,2.36,27316.32
Annmarie Muetsch,2.04,96,2.04,2114,12,3,105.4,1.98,2203,,507,6,6,37.26,45,1.38,97.97,-3.32,2,2.08,97.2,94.8,1,2,24.47,2025.22,1.91,9597.45
Simona Nayberg,2,95.4,2,1522,12,4,100.2,1.92,1807,,470,6,6,43.58,44.71,1.02,200.24,-3.35,1.82,2.18,101.4,89.4,2,2,24.01,1999.29,1.04,40096.13
Almos Kiran Marton-John,2.19,93.7,2.19,1789,13,8,118.5,1.97,1752,,692,6,7,232.77,71.32,1.81,144.62,-3.44,1.69,2.62,115.8,74.7,4.5,3.5,28.53,5086.52,3.28,20916.22
Julia Volovich,2.07,93.6,2.07,1975,10,4,106.6,1.63,1777,,449,6,4,108.94,68.15,1.85,195.83,-3.45,2.29,1.72,86.5,104.2,3,1,20.66,4643.84,3.41,38350.27
Suleiman Nurakyn,2.27,92.2,2.27,1777,15,8.5,109.8,2.25,2013,,786,8,7,34.05,65.69,1.64,157.6,-3.52,2.34,2.19,94.1,90.1,5,3.5,34.04,4315.27,2.69,24837.6
Marta Garcia Martin,2.22,88.8,2.22,1996,12,4.5,109.6,1.74,2239,,662,6,6,99.86,56.87,1.62,155.64,-3.71,2.66,1.79,77.3,100.3,3.5,1,26.68,3234.35,2.64,24224.43
Kushal Jakhria,2.38,86.6,2.38,2061,9,2,85.3,1.99,2041,,483,6,3,75.76,39.07,0.99,104.09,-3.83,2.28,2.59,90.6,78.6,1.5,0.5,21.46,1526.3,0.99,10835.74
Peter Heimbaecher,1.98,86.1,1.98,1440,10,0,87.5,1.98,1804,,396,5,5,221.38,29.79,0.83,223.54,-3.85,2.3,1.65,75.4,96.9,0,0,19.78,887.45,0.68,49968.11
Kamila Hryshchenko,2.52,83.1,2.52,2073,12,5.5,107.8,1.97,2109,,546,9,3,45.58,61.36,1.49,161.82,-4.02,2.76,1.82,71.8,116.9,3.5,2,30.26,3765.3,2.22,26185.08